{"loss": [0.10444153100252151, 0.04234209284186363, 0.041986193507909775, 0.04132362827658653, 0.04105411842465401, 0.04091866686940193, 0.04068588837981224, 0.0406079925596714, 0.04055275395512581, 0.04043598473072052, 0.04040903225541115, 0.04036219045519829, 0.04035148397088051, 0.04034542292356491, 0.04036251828074455, 0.04031256586313248, 0.040519215166568756, 0.040541402995586395, 0.04048539698123932, 0.04040981084108353, 0.04026373475790024, 0.04022814705967903, 0.04024403169751167, 0.04020297899842262, 0.04011043161153793, 0.05541465803980827, 0.04158470407128334, 0.040544405579566956, 0.04016964137554169, 0.03986912593245506, 0.03973012790083885, 0.0396164208650589, 0.03959539160132408, 0.039615094661712646, 0.03949888423085213, 0.039503730833530426, 0.03938140347599983, 0.039391253143548965, 0.039373379200696945, 0.03940542787313461, 0.03932412341237068, 0.03931043669581413, 0.03927762806415558, 0.03926539793610573, 0.03925049677491188, 0.039265409111976624, 0.03924701735377312, 0.03923249989748001, 0.03919392079114914, 0.03915100172162056, 0.03914478048682213, 0.03911188989877701, 0.03909989073872566, 0.03910869359970093, 0.03906168416142464, 0.039111945778131485, 0.039094120264053345, 0.03905164822936058, 0.03905747830867767, 0.039033595472574234, 0.03903079405426979, 0.03902268037199974, 0.03899102285504341, 0.038997337222099304, 0.03903412073850632, 0.0389695018529892, 0.038993511348962784, 0.038989823311567307, 0.03898816183209419, 0.038943853229284286, 0.03894660249352455, 0.0389593280851841, 0.03895854949951172, 0.03892737254500389, 0.03891940414905548, 0.0389452762901783], "MAE": [0.21296760439872742, 0.16056811809539795, 0.15990614891052246, 0.15842963755130768, 0.15784694254398346, 0.157460555434227, 0.15683573484420776, 0.15667474269866943, 0.15656450390815735, 0.15631699562072754, 0.15631774067878723, 0.15627261996269226, 0.1562465876340866, 0.15628141164779663, 0.1563982516527176, 0.1563476026058197, 0.1570524424314499, 0.15719805657863617, 0.15700680017471313, 0.1568000465631485, 0.15632523596286774, 0.1563170701265335, 0.15633736550807953, 0.15627343952655792, 0.15598778426647186, 0.1780834048986435, 0.1588926762342453, 0.15652139484882355, 0.15556477010250092, 0.15482869744300842, 0.1545286625623703, 0.15419436991214752, 0.15411509573459625, 0.15419985353946686, 0.1539238542318344, 0.1538551151752472, 0.15364865958690643, 0.15362809598445892, 0.15358377993106842, 0.1536875218153, 0.1534365713596344, 0.15342596173286438, 0.15337368845939636, 0.15328127145767212, 0.15324559807777405, 0.1533161848783493, 0.15327228605747223, 0.153262659907341, 0.15315578877925873, 0.15304811298847198, 0.15303227305412292, 0.1529594361782074, 0.1529376059770584, 0.1529359370470047, 0.15286186337471008, 0.15294446051120758, 0.15289506316184998, 0.1528031975030899, 0.15284934639930725, 0.15277624130249023, 0.15278218686580658, 0.15272432565689087, 0.15265217423439026, 0.15268534421920776, 0.15270791947841644, 0.1525949388742447, 0.1526508927345276, 0.1526344120502472, 0.1526033729314804, 0.1525648981332779, 0.15252849459648132, 0.152548149228096, 0.15255466103553772, 0.1524578183889389, 0.15246175229549408, 0.15257839858531952], "val_loss": [0.049381669610738754, 0.04430164024233818, 0.046548932790756226, 0.04418689385056496, 0.04456974193453789, 0.04798532649874687, 0.045254457741975784, 0.04294212907552719, 0.04687309265136719, 0.04744389280676842, 0.046218376606702805, 0.046855200082063675, 0.04530156031250954, 0.04992261901497841, 0.045331258326768875, 0.0449894480407238, 0.04585755616426468, 0.047933995723724365, 0.04774846136569977, 0.041585322469472885, 0.04267260804772377, 0.04361327365040779, 0.04718739539384842, 0.044391412287950516, 0.04858973249793053, 0.041484005749225616, 0.04877816513180733, 0.048945438116788864, 0.044410426169633865, 0.04615833982825279, 0.04496828839182854, 0.043684687465429306, 0.04391670972108841, 0.04589667543768883, 0.043935954570770264, 0.04436306655406952, 0.04486037790775299, 0.044565536081790924, 0.045924339443445206, 0.04296354576945305, 0.044935863465070724, 0.04896685481071472, 0.044509969651699066, 0.04429005831480026, 0.044894732534885406, 0.04587763175368309, 0.04635677859187126, 0.04962204024195671, 0.046339791268110275, 0.05030708387494087, 0.04713906720280647, 0.04501384496688843, 0.04489101096987724, 0.042837586253881454, 0.04594109579920769, 0.054722536355257034, 0.04598347842693329, 0.045151568949222565, 0.04593648016452789, 0.04635823518037796, 0.04702981933951378, 0.04855113849043846, 0.045491501688957214, 0.043987903743982315, 0.04607829824090004, 0.04596291482448578, 0.044304102659225464, 0.045091498643159866, 0.04681672528386116, 0.044239528477191925, 0.04797614365816116, 0.049259036779403687, 0.04544472321867943, 0.0451866090297699, 0.04668616130948067, 0.044583916664123535], "val_MAE": [0.17783068120479584, 0.1690867692232132, 0.1734500229358673, 0.16840653121471405, 0.16847634315490723, 0.17497383058071136, 0.1705147624015808, 0.16468381881713867, 0.1738874465227127, 0.17577582597732544, 0.17234504222869873, 0.17315931618213654, 0.17076481878757477, 0.18051260709762573, 0.1698426455259323, 0.1694963425397873, 0.17338617146015167, 0.17587511241436005, 0.1765623390674591, 0.1611747145652771, 0.16322921216487885, 0.16505494713783264, 0.17519326508045197, 0.1670297235250473, 0.17540661990642548, 0.16168184578418732, 0.17694731056690216, 0.1778832972049713, 0.16834542155265808, 0.17175962030887604, 0.16968032717704773, 0.16684590280056, 0.1670050024986267, 0.17130175232887268, 0.16758288443088531, 0.1682729423046112, 0.16958805918693542, 0.16861377656459808, 0.1710476130247116, 0.1654537469148636, 0.1692153513431549, 0.17803440988063812, 0.16879919171333313, 0.167670339345932, 0.16973619163036346, 0.1722341626882553, 0.1729697734117508, 0.17962215840816498, 0.1713029146194458, 0.18138113617897034, 0.174329936504364, 0.16932208836078644, 0.16869299113750458, 0.16539433598518372, 0.17216087877750397, 0.1901799440383911, 0.1722203642129898, 0.1700194776058197, 0.17100992798805237, 0.17276808619499207, 0.17456786334514618, 0.17780174314975739, 0.17095571756362915, 0.16726639866828918, 0.17271853983402252, 0.17219187319278717, 0.1682635396718979, 0.17055876553058624, 0.17400190234184265, 0.16883502900600433, 0.17562252283096313, 0.1791529804468155, 0.17150303721427917, 0.1704806089401245, 0.1728001832962036, 0.16889144480228424]}