{"loss": [0.02655595913529396, 0.017901970073580742, 0.016776449978351593, 0.015590476803481579, 0.014870952814817429, 0.014393119141459465, 0.013938727788627148, 0.013653011992573738, 0.013437089510262012, 0.013282299973070621, 0.013129615224897861, 0.012967905960977077, 0.01284786406904459, 0.012744276784360409, 0.012612718157470226, 0.012506376020610332, 0.01243007741868496, 0.012353992089629173, 0.012305036187171936, 0.012233794666826725, 0.012050642631947994, 0.011529514566063881, 0.011270281858742237, 0.011111216619610786, 0.011004156433045864, 0.010926619172096252, 0.010892150923609734, 0.0108439726755023, 0.010816741734743118, 0.010795550420880318, 0.010748937726020813, 0.010733148083090782, 0.010710147209465504, 0.0106925955042243, 0.010650573298335075, 0.010661131702363491, 0.010643040761351585, 0.0106135793030262, 0.010607304982841015, 0.010599472559988499, 0.010588089935481548, 0.010576910339295864, 0.010532709769904613, 0.010542478412389755, 0.010529638268053532, 0.010522411204874516, 0.010510020889341831, 0.010497260838747025, 0.010487763211131096, 0.01047230139374733, 0.010474907234311104, 0.01045860443264246, 0.010441259481012821, 0.010438516736030579, 0.010429040528833866, 0.010433128103613853, 0.010410833172500134, 0.010403531603515148, 0.010398915968835354, 0.010403750464320183, 0.010403984226286411, 0.010378916747868061, 0.010365488938987255, 0.010364939458668232, 0.010356200858950615, 0.010341139510273933, 0.010338890366256237, 0.010340223088860512, 0.010324552655220032, 0.010315589606761932, 0.010319150984287262, 0.01030504796653986, 0.010298073291778564, 0.010293355211615562, 0.010266304016113281, 0.010264898650348186, 0.010253403335809708, 0.010256566107273102, 0.010253331623971462, 0.010224464349448681, 0.010223151184618473, 0.01022607646882534, 0.010196107439696789, 0.010187801904976368, 0.010175168514251709, 0.010164781473577023, 0.010161622427403927, 0.010144791565835476, 0.010127921588718891, 0.010121815837919712, 0.010095790959894657, 0.010079593397676945], "MAE": [0.16517868638038635, 0.1466575413942337, 0.1419452726840973, 0.1367383748292923, 0.1334591805934906, 0.13120296597480774, 0.12901821732521057, 0.1276412159204483, 0.12664805352687836, 0.1258314847946167, 0.1250687837600708, 0.12423647940158844, 0.12367675453424454, 0.12317913770675659, 0.1224745362997055, 0.12191899865865707, 0.12154879420995712, 0.12115037441253662, 0.12092825770378113, 0.12058113515377045, 0.11972751468420029, 0.11724217236042023, 0.11587432026863098, 0.11501763761043549, 0.11442641913890839, 0.11399062722921371, 0.11377643048763275, 0.11355587095022202, 0.11333092302083969, 0.11325351893901825, 0.11297374218702316, 0.11286892741918564, 0.11274266242980957, 0.11262818425893784, 0.11237873136997223, 0.11248652637004852, 0.11237099021673203, 0.1121746301651001, 0.11220189183950424, 0.11209719628095627, 0.11203870922327042, 0.11201488226652145, 0.11168252676725388, 0.11177626997232437, 0.1116667240858078, 0.11165772378444672, 0.11155551671981812, 0.11151349544525146, 0.11144185811281204, 0.11131734400987625, 0.1113828495144844, 0.11131460964679718, 0.11117340624332428, 0.11118714511394501, 0.11114899814128876, 0.11115293204784393, 0.11101607233285904, 0.11098255217075348, 0.11091626435518265, 0.11093448102474213, 0.11097797751426697, 0.11083462089300156, 0.11071012169122696, 0.11075528711080551, 0.11071518063545227, 0.11059636622667313, 0.11059214919805527, 0.11060521006584167, 0.1104976236820221, 0.11044343560934067, 0.11048822849988937, 0.11044490337371826, 0.11035137623548508, 0.11033190041780472, 0.11018599569797516, 0.11018910259008408, 0.11012926697731018, 0.11012905836105347, 0.11013144254684448, 0.10995615273714066, 0.10992567241191864, 0.10999646782875061, 0.10977043956518173, 0.1097797378897667, 0.10970567166805267, 0.1096634566783905, 0.10963095724582672, 0.10951390117406845, 0.10946346074342728, 0.10941135883331299, 0.10925213247537613, 0.10916744917631149], "val_loss": [0.017339978367090225, 0.01677214354276657, 0.01483076810836792, 0.014196140691637993, 0.016442865133285522, 0.013040425255894661, 0.01424300018697977, 0.014901969581842422, 0.01827343739569187, 0.01354122906923294, 0.013256887905299664, 0.013499490916728973, 0.013529954478144646, 0.015603968873620033, 0.012760942801833153, 0.01279444620013237, 0.014158437959849834, 0.013334164395928383, 0.012909107841551304, 0.013227807357907295, 0.011678467504680157, 0.011763784103095531, 0.011172611266374588, 0.010447985492646694, 0.010587274096906185, 0.010356095619499683, 0.010364039801061153, 0.010332765989005566, 0.010504033416509628, 0.010472378693521023, 0.010248903185129166, 0.010576690547168255, 0.010383605025708675, 0.010376128368079662, 0.01024630293250084, 0.010150369256734848, 0.010332200676202774, 0.010374744422733784, 0.010600853711366653, 0.010297782719135284, 0.010214502923190594, 0.010435542091727257, 0.010191776789724827, 0.010245941579341888, 0.010151762515306473, 0.010299153625965118, 0.010118454694747925, 0.010110022500157356, 0.01033031940460205, 0.010153515264391899, 0.010554445907473564, 0.010305320844054222, 0.010327131487429142, 0.010095033794641495, 0.010262684896588326, 0.010727845132350922, 0.010202007368206978, 0.010346556082367897, 0.01025686226785183, 0.010309054516255856, 0.010280071757733822, 0.010569288395345211, 0.010496114380657673, 0.010091912932693958, 0.010236081667244434, 0.010320734232664108, 0.010408272966742516, 0.01073953416198492, 0.010335066355764866, 0.01085587590932846, 0.010183767415583134, 0.010058606043457985, 0.010512503795325756, 0.010071185417473316, 0.01075838878750801, 0.01040138304233551, 0.010207905434072018, 0.010311818681657314, 0.010221434757113457, 0.010240202769637108, 0.01041545532643795, 0.010089678689837456, 0.010226232931017876, 0.010121299885213375, 0.010449807159602642, 0.010323491878807545, 0.010204823687672615, 0.01040156651288271, 0.010620048269629478, 0.010231687687337399, 0.010250871069729328, 0.010357718914747238], "val_MAE": [0.145049586892128, 0.1421234905719757, 0.13372685015201569, 0.1324378103017807, 0.13772183656692505, 0.12335316091775894, 0.12943173944950104, 0.1298174262046814, 0.14750497043132782, 0.12797993421554565, 0.12347212433815002, 0.1266409307718277, 0.12765079736709595, 0.13478952646255493, 0.12421131134033203, 0.1250920444726944, 0.12954047322273254, 0.12780188024044037, 0.12258253991603851, 0.12701696157455444, 0.1205773577094078, 0.11886399239301682, 0.11718016862869263, 0.1126185730099678, 0.11458344757556915, 0.11061123013496399, 0.11071754992008209, 0.11140162497758865, 0.110567107796669, 0.1103956550359726, 0.10998611152172089, 0.11172898858785629, 0.11119390279054642, 0.10992761701345444, 0.11115023493766785, 0.11124439537525177, 0.111229807138443, 0.11077037453651428, 0.11136556416749954, 0.11215978115797043, 0.11074668914079666, 0.11097453534603119, 0.10951830446720123, 0.10955240577459335, 0.11024488508701324, 0.11116923391819, 0.10946764051914215, 0.10998182743787766, 0.11147738248109818, 0.11028653383255005, 0.1122686117887497, 0.11008425056934357, 0.1100703701376915, 0.10998193174600601, 0.11048004776239395, 0.11363346874713898, 0.10951126366853714, 0.11127378791570663, 0.10932334512472153, 0.11048877239227295, 0.11000815778970718, 0.11190487444400787, 0.11197330802679062, 0.1096419170498848, 0.11088356375694275, 0.11052897572517395, 0.1118701919913292, 0.11245270073413849, 0.11021000146865845, 0.11202172935009003, 0.10980688035488129, 0.10993243008852005, 0.1116667166352272, 0.1092647910118103, 0.1128382682800293, 0.11163999885320663, 0.11003238707780838, 0.11091925948858261, 0.10962212830781937, 0.10965458303689957, 0.11131966859102249, 0.10938848555088043, 0.11025206744670868, 0.1098303571343422, 0.11149736493825912, 0.11048156768083572, 0.1098511591553688, 0.11038076132535934, 0.11377833783626556, 0.11011742800474167, 0.11030421406030655, 0.11146192997694016]}