{"loss": [0.057843804359436035, 0.04740150272846222, 0.04444662109017372, 0.04301830008625984, 0.04230118915438652, 0.04189041629433632, 0.04151752218604088, 0.041288405656814575, 0.04106973484158516, 0.04088776186108589, 0.04081761837005615, 0.040676333010196686, 0.04046662524342537, 0.040241729468107224, 0.04013272002339363, 0.03992791101336479, 0.0395563468337059, 0.03908417746424675, 0.038843851536512375, 0.038688115775585175, 0.03856518864631653, 0.03845987468957901, 0.038376595824956894, 0.038327377289533615, 0.03825802728533745, 0.03821250796318054, 0.03815317898988724, 0.03809596598148346, 0.03804096579551697, 0.03800753876566887, 0.0379757434129715, 0.03793996199965477, 0.037886396050453186, 0.03787655383348465, 0.03779761493206024, 0.03778684511780739, 0.03772501274943352, 0.03771766275167465, 0.0376848466694355, 0.037668295204639435, 0.03758963942527771, 0.0375661738216877, 0.03750772029161453, 0.03751594200730324, 0.037436310201883316, 0.037385761737823486, 0.03734458610415459, 0.037277866154909134, 0.03727099299430847, 0.03720703348517418, 0.03717570751905441, 0.037132129073143005, 0.037109021097421646, 0.037061337381601334, 0.03702470287680626, 0.0369831919670105, 0.03695320338010788, 0.03690643236041069, 0.03690218925476074, 0.036856509745121, 0.03683106601238251, 0.03680051490664482, 0.03677896782755852, 0.03675910457968712, 0.03672941401600838, 0.0366859957575798, 0.03669949993491173, 0.03663886711001396, 0.03662935271859169, 0.03659430518746376, 0.03655106946825981, 0.03653576970100403, 0.03652606159448624, 0.03650091215968132, 0.03648748993873596, 0.03644854947924614, 0.03644728288054466, 0.03639225289225578, 0.03635880723595619, 0.03634693846106529, 0.03632577508687973, 0.03630531206727028, 0.03625733032822609, 0.03624945506453514, 0.0362154096364975, 0.036207616329193115, 0.03617744520306587, 0.03613407537341118, 0.036129310727119446, 0.03612838312983513, 0.03608334809541702, 0.03604748845100403, 0.03603912144899368, 0.03603598102927208, 0.035993583500385284, 0.035961590707302094], "MAE": [0.26309093832969666, 0.24229271709918976, 0.23309804499149323, 0.22857677936553955, 0.22644969820976257, 0.22520869970321655, 0.22407305240631104, 0.22343449294567108, 0.22272853553295135, 0.22210410237312317, 0.22189654409885406, 0.22145701944828033, 0.22088058292865753, 0.22022797167301178, 0.21985334157943726, 0.2192758023738861, 0.2181573063135147, 0.2166382223367691, 0.2157801389694214, 0.2152232974767685, 0.21478548645973206, 0.2144986242055893, 0.21419845521450043, 0.21408623456954956, 0.21382969617843628, 0.21367986500263214, 0.21345993876457214, 0.21326732635498047, 0.2131379395723343, 0.21297436952590942, 0.21289236843585968, 0.21277275681495667, 0.21266107261180878, 0.212604358792305, 0.2123248428106308, 0.21227224171161652, 0.2121325135231018, 0.21207091212272644, 0.21195165812969208, 0.21185660362243652, 0.21166940033435822, 0.21160198748111725, 0.21145027875900269, 0.2115004062652588, 0.21122930943965912, 0.2110424041748047, 0.21093708276748657, 0.21075311303138733, 0.21072904765605927, 0.21052494645118713, 0.2103942483663559, 0.21034401655197144, 0.21027840673923492, 0.21009165048599243, 0.20999012887477875, 0.2098630666732788, 0.20979340374469757, 0.20964409410953522, 0.20968139171600342, 0.20951348543167114, 0.20936965942382812, 0.20929855108261108, 0.20927587151527405, 0.2092001885175705, 0.20910681784152985, 0.20896342396736145, 0.20899444818496704, 0.20882798731327057, 0.2087983787059784, 0.20867550373077393, 0.2085525542497635, 0.20848877727985382, 0.20849266648292542, 0.20843231678009033, 0.2083940953016281, 0.20826511085033417, 0.20823919773101807, 0.20808009803295135, 0.2079557478427887, 0.20793059468269348, 0.20788626372814178, 0.20780107378959656, 0.20762726664543152, 0.2076399177312851, 0.2075229287147522, 0.2075694054365158, 0.2074400931596756, 0.20731839537620544, 0.20727680623531342, 0.20729051530361176, 0.20712533593177795, 0.20704561471939087, 0.20704317092895508, 0.20701448619365692, 0.206870898604393, 0.20673121511936188], "val_loss": [0.045280903577804565, 0.043737202882766724, 0.043275877833366394, 0.043706368654966354, 0.04629484564065933, 0.04502332583069801, 0.04497239738702774, 0.04112829267978668, 0.04285043478012085, 0.04381955415010452, 0.04336490109562874, 0.043408315628767014, 0.04076602682471275, 0.039615608751773834, 0.04206233099102974, 0.04059187322854996, 0.04125130549073219, 0.0393584668636322, 0.03986026719212532, 0.03842906653881073, 0.040299106389284134, 0.038016725331544876, 0.039303846657276154, 0.039636291563510895, 0.038146670907735825, 0.040125247091054916, 0.038362883031368256, 0.03876316919922829, 0.0385872945189476, 0.037992414087057114, 0.041048575192689896, 0.03949259966611862, 0.03831053152680397, 0.03786821290850639, 0.037665292620658875, 0.03823423013091087, 0.03840513527393341, 0.03880254551768303, 0.03840060904622078, 0.038793083280324936, 0.03855656832456589, 0.03835480287671089, 0.03765533119440079, 0.03769326210021973, 0.038151904940605164, 0.037363409996032715, 0.03783214092254639, 0.03768150880932808, 0.03760770335793495, 0.03751362860202789, 0.037941258400678635, 0.038739338517189026, 0.037960197776556015, 0.037746328860521317, 0.03780064731836319, 0.03711060434579849, 0.03732181340456009, 0.037514373660087585, 0.0370662696659565, 0.03804503381252289, 0.03773004934191704, 0.038202837109565735, 0.03751049190759659, 0.03712349757552147, 0.03728863224387169, 0.03750600293278694, 0.037716418504714966, 0.037403352558612823, 0.03754264488816261, 0.03753814101219177, 0.03682198002934456, 0.037330884486436844, 0.03781798854470253, 0.03705006465315819, 0.038293980062007904, 0.03670357167720795, 0.03782776743173599, 0.037289299070835114, 0.03706095740199089, 0.036893196403980255, 0.03724221885204315, 0.037133753299713135, 0.03718568757176399, 0.03702281415462494, 0.036952484399080276, 0.037324752658605576, 0.03694930300116539, 0.03728117793798447, 0.03718317672610283, 0.03732331842184067, 0.03770934045314789, 0.03692244365811348, 0.0372074656188488, 0.037282515317201614, 0.03686948120594025, 0.0377151221036911],