{"loss": [1.0360426902770996, 0.6213335394859314, 0.42493659257888794, 0.3531586825847626, 0.33593377470970154, 0.33376622200012207, 0.33366379141807556, 0.33366259932518005, 0.3336634635925293, 0.33366304636001587, 0.33366474509239197, 0.33366379141807556, 0.3336673080921173, 0.3336655795574188, 0.33366659283638, 0.33366644382476807, 0.33366310596466064, 0.33366692066192627, 0.33366864919662476, 0.33366701006889343, 0.33366501331329346, 0.3336659073829651, 0.3336670696735382, 0.33366742730140686, 0.33366477489471436, 0.3336676061153412, 0.3336658775806427, 0.33366572856903076, 0.3336678445339203, 0.3336675763130188, 0.33366695046424866, 0.3336665630340576, 0.3336679935455322, 0.3336656987667084, 0.33366629481315613, 0.33366650342941284, 0.3336697816848755, 0.3336661458015442, 0.3336682915687561, 0.33366578817367554, 0.3336668312549591, 0.33366796374320984, 0.3336668908596039, 0.33366626501083374, 0.33366551995277405, 0.3336692750453949, 0.3336656987667084, 0.3336663842201233, 0.3336695730686188, 0.3336676359176636, 0.3336692154407501, 0.3336670398712158, 0.33366480469703674, 0.33366772532463074, 0.3336663544178009, 0.3336675465106964, 0.3336654305458069, 0.33366644382476807, 0.3336673378944397, 0.333667516708374, 0.3336672782897949, 0.3336676061153412, 0.33366310596466064, 0.33366602659225464, 0.33366695046424866, 0.3336668312549591, 0.33366796374320984, 0.3336672782897949, 0.33366450667381287, 0.3336661458015442, 0.3336672782897949, 0.33366653323173523, 0.3336692154407501], "MAE": [0.8516884446144104, 0.6444932222366333, 0.5462641716003418, 0.5099890232086182, 0.5010562539100647, 0.500069260597229, 0.5000490546226501, 0.5000470280647278, 0.5000501871109009, 0.5000496506690979, 0.5000499486923218, 0.5000486373901367, 0.5000525712966919, 0.5000501871109009, 0.5000511407852173, 0.500052273273468, 0.5000503063201904, 0.5000513792037964, 0.5000526309013367, 0.5000522136688232, 0.5000511407852173, 0.5000507235527039, 0.5000520944595337, 0.5000530481338501, 0.5000487565994263, 0.5000540614128113, 0.5000514388084412, 0.5000515580177307, 0.5000521540641785, 0.5000509023666382, 0.500048816204071, 0.5000523328781128, 0.5000515580177307, 0.5000489354133606, 0.5000519752502441, 0.5000497698783875, 0.5000541806221008, 0.5000506043434143, 0.5000518560409546, 0.5000476241111755, 0.5000531673431396, 0.5000532269477844, 0.5000526309013367, 0.5000504851341248, 0.5000501871109009, 0.5000553727149963, 0.5000513195991516, 0.5000519752502441, 0.5000528693199158, 0.5000498294830322, 0.5000542998313904, 0.5000495910644531, 0.5000485777854919, 0.5000507235527039, 0.500050961971283, 0.5000520348548889, 0.5000503063201904, 0.5000526905059814, 0.5000529289245605, 0.500052809715271, 0.5000523328781128, 0.5000510811805725, 0.500047504901886, 0.5000494718551636, 0.5000511407852173, 0.5000535249710083, 0.5000535845756531, 0.5000517964363098, 0.5000495314598083, 0.5000524520874023, 0.5000513195991516, 0.5000520944595337, 0.5000519752502441], "val_loss": [0.781511664390564, 0.4944782555103302, 0.37495216727256775, 0.34018778800964355, 0.33457547426223755, 0.3342430293560028, 0.33424249291419983, 0.33424630761146545, 0.33424296975135803, 0.3342428207397461, 0.33424845337867737, 0.33425652980804443, 0.33424246311187744, 0.33424317836761475, 0.3342486023902893, 0.3342474102973938, 0.3342425227165222, 0.33424240350723267, 0.3342438042163849, 0.3342433571815491, 0.334245502948761, 0.3342517912387848, 0.33424216508865356, 0.33424463868141174, 0.33426839113235474, 0.33424630761146545, 0.3342460095882416, 0.334248423576355, 0.33424264192581177, 0.3342423141002655, 0.33424392342567444, 0.33424392342567444, 0.3342483937740326, 0.33424434065818787, 0.3342425525188446, 0.3342422842979431, 0.33424443006515503, 0.3342566192150116, 0.3342634439468384, 0.33424606919288635, 0.33424219489097595, 0.33426526188850403, 0.3342427611351013, 0.3342474102973938, 0.33428698778152466, 0.3342512547969818, 0.3342438042163849, 0.33424386382102966, 0.33425626158714294, 0.33424460887908936, 0.3342423141002655, 0.3342454433441162, 0.3342635929584503, 0.3342680037021637, 0.33424443006515503, 0.3342445194721222, 0.3342435956001282, 0.33427417278289795, 0.33425286412239075, 0.33424559235572815, 0.334245890378952, 0.33424219489097595, 0.3342476785182953, 0.33427372574806213, 0.3342478573322296, 0.3342546224594116, 0.33424657583236694, 0.3342460095882416, 0.33427491784095764, 0.334244966506958, 0.33425384759902954, 0.3342423439025879, 0.3342422842979431], "val_MAE": [0.7238622903823853, 0.580589234828949, 0.520798921585083, 0.5033365488052368, 0.5007265210151672, 0.5006552934646606, 0.5006629228591919, 0.5006735920906067, 0.500665009021759, 0.5006564259529114, 0.5006773471832275, 0.5006889700889587, 0.5006629228591919, 0.5006662607192993, 0.5006774663925171, 0.5006755590438843, 0.5006569623947144, 0.5006575584411621, 0.5006678104400635, 0.5006546378135681, 0.500671923160553, 0.5006821751594543, 0.5006606578826904, 0.5006701946258545, 0.5007022619247437, 0.5006507635116577, 0.5006510615348816, 0.5006773471832275, 0.5006633400917053, 0.5006612539291382, 0.5006682276725769, 0.5006682276725769, 0.500677227973938, 0.5006694197654724, 0.5006632208824158, 0.5006586909294128, 0.500669538974762, 0.5006890296936035, 0.50069659948349, 0.5006730556488037, 0.5006600618362427, 0.5006986856460571, 0.5006642937660217, 0.5006754398345947, 0.5007215142250061, 0.5006816983222961, 0.5006677508354187, 0.5006535649299622, 0.5006884336471558, 0.5006701350212097, 0.5006609559059143, 0.5006718039512634, 0.5006970167160034, 0.5007016658782959, 0.5006697177886963, 0.5006524920463562, 0.5006672143936157, 0.500708281993866, 0.5006840825080872, 0.5006515383720398, 0.5006726980209351, 0.5006601214408875, 0.5006760358810425, 0.5007076859474182, 0.5006763339042664, 0.5006867051124573, 0.5006740689277649, 0.5006733536720276, 0.5007087588310242, 0.5006709694862366, 0.5006855130195618, 0.5006616115570068, 0.5006586313247681]}