{"loss": [0.1089620515704155, 0.09133124351501465, 0.08621793985366821, 0.08557138592004776, 0.08512961864471436, 0.08467775583267212, 0.08429225534200668, 0.08384883403778076, 0.08359011262655258, 0.08313830941915512, 0.08286820352077484, 0.08256683498620987, 0.08236636221408844, 0.08214773237705231, 0.08206139504909515, 0.08196588605642319, 0.08184077590703964, 0.08180002868175507, 0.08168980479240417, 0.08161206543445587, 0.08150993287563324, 0.0814070925116539, 0.08135426044464111, 0.08131980895996094, 0.08122721314430237, 0.0812116414308548, 0.08111321181058884, 0.0810803696513176, 0.08103889226913452, 0.0809745192527771, 0.08096825331449509, 0.08087232708930969, 0.08078697323799133, 0.08077874034643173, 0.08074606209993362, 0.08067329972982407, 0.08056851476430893, 0.08055771142244339, 0.08047038316726685, 0.08042819797992706, 0.08038640022277832, 0.08033628761768341, 0.08028966933488846, 0.0802755281329155, 0.08023004233837128, 0.08015783876180649, 0.08014356344938278, 0.08014535903930664, 0.08009704947471619, 0.08005759865045547, 0.08007227629423141, 0.08004233241081238, 0.07997141778469086, 0.07993336021900177, 0.07991381734609604, 0.07988906651735306, 0.07985461503267288, 0.07981551438570023, 0.0798165425658226, 0.07980996370315552, 0.07977837324142456], "MAE": [0.3794347047805786, 0.34803831577301025, 0.33568671345710754, 0.33395928144454956, 0.33275410532951355, 0.3316130042076111, 0.3306463956832886, 0.3293997347354889, 0.3287186622619629, 0.32745909690856934, 0.32683098316192627, 0.32597851753234863, 0.32551684975624084, 0.3248657286167145, 0.3245956003665924, 0.32435378432273865, 0.32404625415802, 0.3239263594150543, 0.32371145486831665, 0.3234298825263977, 0.3232123851776123, 0.3229563534259796, 0.3228127658367157, 0.32270798087120056, 0.3224910795688629, 0.3223852515220642, 0.32220056653022766, 0.3220939338207245, 0.3220082223415375, 0.3218606412410736, 0.321891188621521, 0.32156434655189514, 0.3213925063610077, 0.3213532567024231, 0.3213207423686981, 0.32111063599586487, 0.3208851218223572, 0.3208402395248413, 0.32053324580192566, 0.3204785883426666, 0.3204004168510437, 0.32028406858444214, 0.32013261318206787, 0.32013049721717834, 0.3199938237667084, 0.31983453035354614, 0.31979021430015564, 0.3197377920150757, 0.3196079432964325, 0.3195979595184326, 0.3196112811565399, 0.31954818964004517, 0.3193209171295166, 0.3192228078842163, 0.3191729187965393, 0.3190836012363434, 0.3190365731716156, 0.31897175312042236, 0.31891360878944397, 0.31894779205322266, 0.318838506937027], "val_loss": [0.08684052526950836, 0.08939225226640701, 0.0928456112742424, 0.0930778905749321, 0.08904501795768738, 0.08975807577371597, 0.08580444753170013, 0.08786314725875854, 0.08737381547689438, 0.08691930770874023, 0.08433828502893448, 0.08456920832395554, 0.08428023755550385, 0.08312904834747314, 0.08580298721790314, 0.08263474702835083, 0.08393967151641846, 0.08573467284440994, 0.08428770303726196, 0.08804985135793686, 0.08238429576158524, 0.0847342386841774, 0.08551501482725143, 0.08265848457813263, 0.0844123587012291, 0.08397156745195389, 0.08453771471977234, 0.08562825620174408, 0.08498378098011017, 0.08346060663461685, 0.08540821820497513, 0.08312247693538666, 0.08632109314203262, 0.08458785712718964, 0.08507321774959564, 0.08401797711849213, 0.08465955406427383, 0.08380614966154099, 0.084931381046772, 0.0830412209033966, 0.08203708380460739, 0.08453521132469177, 0.08340403437614441, 0.0821172446012497, 0.08533528447151184, 0.08452419191598892, 0.08307409286499023, 0.08547717332839966, 0.08554085344076157, 0.08294107019901276, 0.08418923616409302, 0.08314059674739838, 0.08553746342658997, 0.0830853208899498, 0.08329891413450241, 0.08453438431024551, 0.08671098202466965, 0.08506803214550018, 0.0865698829293251, 0.08400009572505951, 0.08325371891260147], "val_MAE": [0.34187251329421997, 0.3540772795677185, 0.35760653018951416, 0.36058300733566284, 0.35333994030952454, 0.352793425321579, 0.34206080436706543, 0.34631529450416565, 0.3456368148326874, 0.34620946645736694, 0.3388923406600952, 0.3391638994216919, 0.33873873949050903, 0.33610108494758606, 0.342056542634964, 0.3336322605609894, 0.3379211127758026, 0.3432143032550812, 0.3401409089565277, 0.3480869233608246, 0.3343156576156616, 0.3414945900440216, 0.3400339186191559, 0.33450090885162354, 0.3391358554363251, 0.3385092616081238, 0.33996182680130005, 0.3428952097892761, 0.34315115213394165, 0.33673563599586487, 0.3406223654747009, 0.33661988377571106, 0.34526512026786804, 0.3404277563095093, 0.3385457694530487, 0.3393077254295349, 0.3391162157058716, 0.3383190631866455, 0.3397025465965271, 0.3357764184474945, 0.33218708634376526, 0.3412688076496124, 0.3379216194152832, 0.33273863792419434, 0.3411024212837219, 0.34017711877822876, 0.33410850167274475, 0.34124889969825745, 0.33963215351104736, 0.3354811668395996, 0.33703508973121643, 0.3357697129249573, 0.3411101996898651, 0.33547139167785645, 0.33667081594467163, 0.33986133337020874, 0.3455348014831543, 0.33963364362716675, 0.3434332311153412, 0.33892908692359924, 0.3369006812572479]}