{"loss": [0.02050740458071232, 0.009588159620761871, 0.008986467495560646, 0.008899240754544735, 0.008038854226469994, 0.006616203114390373, 0.0061025978066027164, 0.005838683806359768, 0.010841784998774529, 0.007494040299206972, 0.00624960707500577, 0.005918576382100582, 0.005725722294300795, 0.005540404934436083, 0.005409600213170052, 0.0072370595298707485, 0.005886788945645094, 0.005405469331890345, 0.005252332892268896, 0.00518332002684474, 0.005130971781909466, 0.005092729814350605, 0.005035111214965582, 0.005022853147238493, 0.004987399559468031, 0.004970632027834654, 0.004950518719851971, 0.004899989813566208, 0.00487996730953455, 0.004820224363356829, 0.004767220467329025, 0.004706893116235733, 0.004647497087717056, 0.004575193859636784, 0.004510030150413513, 0.004435218870639801, 0.004400557838380337, 0.004359710030257702, 0.004331426229327917, 0.004299941938370466, 0.004267415497452021, 0.004265372641384602, 0.004243290983140469, 0.004225380253046751, 0.004210658371448517, 0.004203808028250933, 0.004187314305454493, 0.004182572942227125, 0.004173646681010723, 0.004155891481786966, 0.004153265152126551, 0.0041353474371135235, 0.00413261353969574, 0.004127653315663338, 0.004115210846066475, 0.004102317150682211, 0.004100608639419079, 0.0040943981148302555, 0.004073475021868944, 0.004083938430994749, 0.0040664756670594215, 0.004065722227096558], "MAE": [0.13090023398399353, 0.10569730401039124, 0.10244360566139221, 0.1019149050116539, 0.09710101038217545, 0.08856626600027084, 0.08498354256153107, 0.08306733518838882, 0.11075843125581741, 0.09402486681938171, 0.08600368350744247, 0.08363968878984451, 0.08219539374113083, 0.08084544539451599, 0.07986870408058167, 0.0905594527721405, 0.08355960994958878, 0.07989916950464249, 0.078664131462574, 0.07811080664396286, 0.07767625153064728, 0.07733600586652756, 0.07691238075494766, 0.07677662372589111, 0.07646214216947556, 0.07633107900619507, 0.07616506516933441, 0.07577794045209885, 0.07560865581035614, 0.07513371109962463, 0.07475344091653824, 0.07427623867988586, 0.0738154947757721, 0.0732758492231369, 0.07278481125831604, 0.07221544533967972, 0.07192126661539078, 0.0715891569852829, 0.0713481605052948, 0.07109943777322769, 0.0708003044128418, 0.07076656073331833, 0.07056211680173874, 0.07044775038957596, 0.07030773907899857, 0.07026160508394241, 0.07010488212108612, 0.07007613033056259, 0.06997647136449814, 0.06984075903892517, 0.06980716437101364, 0.06963206827640533, 0.06961458176374435, 0.06956702470779419, 0.06949243694543839, 0.06935381889343262, 0.06931332498788834, 0.06928425282239914, 0.06911937892436981, 0.06920377165079117, 0.06905034184455872, 0.06902722269296646], "val_loss": [0.010580930858850479, 0.009555664844810963, 0.009434779174625874, 0.008961177431046963, 0.0072230566293001175, 0.006839089095592499, 0.005640765186399221, 0.005608518607914448, 0.009268022142350674, 0.006852193269878626, 0.006866810843348503, 0.006876843515783548, 0.005857123993337154, 0.005298363510519266, 0.005407638382166624, 0.006165629252791405, 0.005672517232596874, 0.005383278708904982, 0.005623498000204563, 0.006786605343222618, 0.005441841669380665, 0.007319679483771324, 0.005077313166111708, 0.005994276609271765, 0.0067709023132920265, 0.005222819279879332, 0.0060933125205338, 0.005534683354198933, 0.006381649058312178, 0.0074177454225718975, 0.005984157789498568, 0.007315223570913076, 0.007200081367045641, 0.005625949241220951, 0.0054196203127503395, 0.006763543467968702, 0.005492447409778833, 0.008792866952717304, 0.004965474363416433, 0.005782678723335266, 0.007929298095405102, 0.004697707016021013, 0.006594175472855568, 0.0051126317121088505, 0.005051473155617714, 0.0075796907767653465, 0.0050762067548930645, 0.005807510577142239, 0.0063447896391153336, 0.007852691225707531, 0.006723503116518259, 0.0067298319190740585, 0.007325391285121441, 0.006692044902592897, 0.006741558667272329, 0.006293165497481823, 0.005994180683046579, 0.005138707812875509, 0.00914694368839264, 0.0074760825373232365, 0.007697171997278929, 0.005090438760817051], "val_MAE": [0.10874059796333313, 0.10681722313165665, 0.1056840792298317, 0.10113929957151413, 0.09316400438547134, 0.08782455325126648, 0.08108362555503845, 0.08045118302106857, 0.10175492614507675, 0.08806256949901581, 0.08772733062505722, 0.08772309869527817, 0.0836406797170639, 0.07739531993865967, 0.07894513756036758, 0.0852397233247757, 0.08004949986934662, 0.07866444438695908, 0.07925108075141907, 0.08644773066043854, 0.07819816470146179, 0.0899246484041214, 0.07562922686338425, 0.08215829730033875, 0.08690053224563599, 0.07718364894390106, 0.0829082652926445, 0.07936626672744751, 0.08437740802764893, 0.09248903393745422, 0.0828932523727417, 0.09092165529727936, 0.09065626561641693, 0.079860158264637, 0.07866697758436203, 0.08792375773191452, 0.07951783388853073, 0.10151815414428711, 0.07544758170843124, 0.08082906156778336, 0.0963076576590538, 0.0739327222108841, 0.08716567605733871, 0.07646690309047699, 0.07619427889585495, 0.09407971054315567, 0.07617039978504181, 0.08184656500816345, 0.0857916995882988, 0.0964326411485672, 0.08779430389404297, 0.08843550086021423, 0.09206877648830414, 0.08820655196905136, 0.08825169503688812, 0.08492907136678696, 0.08294752985239029, 0.0768895223736763, 0.1045009046792984, 0.09301591664552689, 0.09502103924751282, 0.07704807817935944]}