{"loss": [0.09222161024808884, 0.026819903403520584, 0.026676995679736137, 0.02622946910560131, 0.025982758030295372, 0.02585417963564396, 0.025563541799783707, 0.025428401306271553, 0.02523195743560791, 0.02516016736626625, 0.02507936954498291, 0.024996541440486908, 0.02494250424206257, 0.0252696443349123, 0.02771107293665409, 0.026492834091186523, 0.02602541632950306, 0.025744905695319176, 0.025684980675578117, 0.02548324689269066, 0.02532045543193817, 0.025169463828206062, 0.02510923705995083, 0.025457099080085754, 0.02511572651565075, 0.025002410635352135, 0.024885011836886406, 0.02484866976737976, 0.02479015849530697, 0.024762889370322227, 0.024726249277591705, 0.024714091792702675, 0.024736769497394562, 0.02473388984799385, 0.02473224326968193, 0.024653581902384758, 0.024637622758746147, 0.024616504088044167, 0.024597078561782837, 0.024595603346824646, 0.024553673341870308, 0.024591844528913498, 0.024592436850070953, 0.024561384692788124, 0.024529296904802322, 0.024525050073862076, 0.024539604783058167, 0.024557804688811302, 0.024506689980626106, 0.024518387392163277, 0.02702369913458824, 0.02473367750644684, 0.024600287899374962, 0.024539241567254066, 0.026184337213635445, 0.02474013715982437, 0.024591824039816856, 0.02453026734292507, 0.024505633860826492, 0.024487553164362907, 0.024481559172272682, 0.024468371644616127, 0.02449236437678337, 0.024476120248436928, 0.024475542828440666, 0.024444304406642914], "MAE": [0.18890218436717987, 0.12616682052612305, 0.1257888525724411, 0.1244182288646698, 0.12374718487262726, 0.12346892803907394, 0.12271124124526978, 0.12234953790903091, 0.1217409074306488, 0.12157189846038818, 0.12121985852718353, 0.12093902379274368, 0.12082793563604355, 0.12227340042591095, 0.12833774089813232, 0.12516382336616516, 0.12361934036016464, 0.12267133593559265, 0.12245453894138336, 0.1220020279288292, 0.1215328574180603, 0.12110672891139984, 0.12092942744493484, 0.12184736877679825, 0.12100749462842941, 0.12066444754600525, 0.12034410238265991, 0.12025474011898041, 0.12004798650741577, 0.119941346347332, 0.11981978267431259, 0.11981136351823807, 0.11984115093946457, 0.11983074247837067, 0.11981761455535889, 0.11957360059022903, 0.11952701210975647, 0.11945813149213791, 0.11936650425195694, 0.11936274915933609, 0.11924746632575989, 0.11938418447971344, 0.11935900896787643, 0.11927895247936249, 0.11920706182718277, 0.11920231580734253, 0.11919954419136047, 0.11927980929613113, 0.11918260902166367, 0.11918973177671432, 0.12323151528835297, 0.1199406310915947, 0.11949405819177628, 0.11919218301773071, 0.12312778830528259, 0.12000872194766998, 0.11954038590192795, 0.11926847696304321, 0.1191779151558876, 0.11910109221935272, 0.11907194554805756, 0.11904273927211761, 0.11911914497613907, 0.11905045062303543, 0.11909700185060501, 0.11896570026874542], "val_loss": [0.02640121802687645, 0.027420317754149437, 0.025712119415402412, 0.026685772463679314, 0.029777010902762413, 0.027342654764652252, 0.027917589992284775, 0.028806501999497414, 0.02895061857998371, 0.030038299039006233, 0.025840595364570618, 0.02676835097372532, 0.026577526703476906, 0.027252547442913055, 0.02628539316356182, 0.026043962687253952, 0.026959871873259544, 0.02780565805733204, 0.028012223541736603, 0.028591645881533623, 0.028348440304398537, 0.027692647650837898, 0.031010523438453674, 0.02925458922982216, 0.03031870536506176, 0.028015561401844025, 0.03184103965759277, 0.026355694979429245, 0.030122896656394005, 0.027109136804938316, 0.027695517987012863, 0.026890989392995834, 0.026878030970692635, 0.03180265799164772, 0.028378043323755264, 0.027918770909309387, 0.027640577405691147, 0.02776465192437172, 0.02728147804737091, 0.02734830416738987, 0.02776724472641945, 0.027980515733361244, 0.02858687937259674, 0.02822609432041645, 0.029411649331450462, 0.02935582399368286, 0.026512043550610542, 0.03080960176885128, 0.029812756925821304, 0.029423460364341736, 0.026984021067619324, 0.030725453048944473, 0.02952050417661667, 0.028118638321757317, 0.027962062507867813, 0.028884023427963257, 0.028617622330784798, 0.028330892324447632, 0.0281930360943079, 0.026843532919883728, 0.030520405620336533, 0.027467168867588043, 0.03050348535180092, 0.028542816638946533, 0.030452197417616844, 0.030523616820573807], "val_MAE": [0.12409605085849762, 0.12686428427696228, 0.12451672554016113, 0.12790997326374054, 0.13796669244766235, 0.13271038234233856, 0.1305481642484665, 0.1344424933195114, 0.1385408639907837, 0.14048469066619873, 0.12486080825328827, 0.12815189361572266, 0.12897174060344696, 0.1318284273147583, 0.1254885345697403, 0.12528574466705322, 0.12876267731189728, 0.13204166293144226, 0.13273318111896515, 0.1342630684375763, 0.1345968395471573, 0.13174349069595337, 0.14195244014263153, 0.1361638903617859, 0.1397952288389206, 0.13290636241436005, 0.14317269623279572, 0.12784413993358612, 0.1376432478427887, 0.1305345892906189, 0.1315636783838272, 0.12983104586601257, 0.1299389898777008, 0.14207769930362701, 0.13437572121620178, 0.13316600024700165, 0.13167835772037506, 0.13293619453907013, 0.13037534058094025, 0.13135188817977905, 0.13125859200954437, 0.13239268958568573, 0.13333222270011902, 0.1336519420146942, 0.1367068588733673, 0.1365640014410019, 0.1282636672258377, 0.14069610834121704, 0.13757073879241943, 0.13667617738246918, 0.12878865003585815, 0.14111429452896118, 0.13784433901309967, 0.1325756311416626, 0.13282105326652527, 0.1353141814470291, 0.13445980846881866, 0.1328348070383072, 0.13324180245399475, 0.1288551241159439, 0.1392708718776703, 0.13104848563671112, 0.1384192705154419, 0.1340705156326294, 0.13922284543514252, 0.14024336636066437]}