{"loss": [0.0320659801363945, 0.012981136329472065, 0.012628735974431038, 0.012194248847663403, 0.011840512976050377, 0.011419848538935184, 0.0112900510430336, 0.011266384273767471, 0.011173561215400696, 0.011092765256762505, 0.011005097068846226, 0.010749519802629948, 0.010560509748756886, 0.010496065951883793, 0.01041372586041689, 0.01025004405528307, 0.010099663399159908, 0.00998820923268795, 0.009926391765475273, 0.009815247729420662, 0.009735075756907463, 0.009642539545893669, 0.009536025114357471, 0.009474843740463257, 0.00938932504504919, 0.009300113655626774, 0.009208271279931068, 0.009173562750220299, 0.009095747023820877, 0.009001823142170906, 0.008938714861869812, 0.008879282511770725, 0.008847324177622795, 0.008766290731728077, 0.008709780871868134, 0.008642924018204212, 0.008639662526547909, 0.008593977428972721, 0.008563948795199394, 0.008526547811925411, 0.008537570014595985, 0.008513194508850574, 0.008459724485874176, 0.008457502350211143, 0.008459110744297504, 0.008421600796282291, 0.008424446918070316, 0.008386323228478432, 0.008408145979046822, 0.008363937959074974, 0.008384582586586475, 0.008364989422261715, 0.008365234360098839, 0.00834460649639368, 0.008370235562324524, 0.008320722728967667, 0.008331811986863613, 0.008312459103763103, 0.00829490926116705, 0.008321510627865791, 0.008292501792311668, 0.008287378586828709, 0.008285672403872013, 0.008283022791147232, 0.008261104114353657, 0.008284209296107292, 0.008262703195214272, 0.008261763490736485, 0.008251742459833622, 0.008249105885624886, 0.008242875337600708, 0.008246787823736668], "MAE": [0.16371041536331177, 0.12388990074396133, 0.12234534323215485, 0.12027395516633987, 0.11850772798061371, 0.11632531136274338, 0.11565550416707993, 0.11542338132858276, 0.11494173854589462, 0.11447757482528687, 0.114021435379982, 0.11273074150085449, 0.11170841753482819, 0.11141704022884369, 0.11090784519910812, 0.11008138209581375, 0.10921480506658554, 0.10853956639766693, 0.10816538333892822, 0.10761082172393799, 0.10711970925331116, 0.10661953687667847, 0.10604766011238098, 0.10570427030324936, 0.10518134385347366, 0.10471826791763306, 0.10415095835924149, 0.10393112897872925, 0.10347400605678558, 0.10292384773492813, 0.10253383219242096, 0.10220832377672195, 0.10195483267307281, 0.10153919458389282, 0.10120420157909393, 0.10085537284612656, 0.10075300931930542, 0.10055738687515259, 0.10038791596889496, 0.10010425001382828, 0.10021717846393585, 0.1000763550400734, 0.09972517937421799, 0.099711112678051, 0.09973762184381485, 0.09949611127376556, 0.09954226762056351, 0.09931211173534393, 0.0994350016117096, 0.09916861355304718, 0.09928368031978607, 0.09912840276956558, 0.09921247512102127, 0.09904475510120392, 0.09917677938938141, 0.0989578440785408, 0.09896666556596756, 0.0988442674279213, 0.09870455414056778, 0.09890860319137573, 0.098685622215271, 0.09867869317531586, 0.09868231415748596, 0.09865546226501465, 0.09851866960525513, 0.09870235621929169, 0.09853716939687729, 0.09851271659135818, 0.09846779704093933, 0.0984182059764862, 0.09838841110467911, 0.09846892952919006], "val_loss": [0.012387175112962723, 0.012251611799001694, 0.011733430437743664, 0.011648707091808319, 0.011504655703902245, 0.010937361977994442, 0.010648369789123535, 0.011132852174341679, 0.01053174864500761, 0.010805576108396053, 0.0103736761957407, 0.010713974013924599, 0.01068880595266819, 0.009874962270259857, 0.009808605536818504, 0.009554185904562473, 0.010640331543982029, 0.009634648449718952, 0.011023297905921936, 0.01059393398463726, 0.009668211452662945, 0.010347944684326649, 0.009823271073400974, 0.009506242349743843, 0.009371555410325527, 0.010832003317773342, 0.009250378236174583, 0.00944081787019968, 0.009155148640275002, 0.010510899126529694, 0.011074799112975597, 0.010260351933538914, 0.010364998131990433, 0.00939765851944685, 0.010104212909936905, 0.011137415654957294, 0.010286374017596245, 0.010503296740353107, 0.009041009470820427, 0.009096168912947178, 0.009383678436279297, 0.009829917922616005, 0.009174988605082035, 0.01023503951728344, 0.010291988030076027, 0.009340735152363777, 0.010034464299678802, 0.010108578018844128, 0.009377735666930676, 0.009210704825818539, 0.009567895904183388, 0.00876424740999937, 0.009761017747223377, 0.009577933698892593, 0.009637150913476944, 0.009437629953026772, 0.009835115633904934, 0.00991301704198122, 0.009798981249332428, 0.009366484358906746, 0.009731682948768139, 0.009237950667738914, 0.009900324046611786, 0.009366024285554886, 0.010789502412080765, 0.009570557624101639, 0.009229602292180061, 0.010012486949563026, 0.00935949757695198, 0.009756681509315968, 0.009039952419698238, 0.009598277509212494], "val_MAE": [0.11987783014774323, 0.11901694536209106, 0.11772573739290237, 0.11691389977931976, 0.1155967190861702, 0.11350642889738083, 0.11114495992660522, 0.11469276249408722, 0.11090816557407379, 0.11434876173734665, 0.1098875105381012, 0.1127895712852478, 0.11167062819004059, 0.10635049641132355, 0.10746100544929504, 0.10610944777727127, 0.11361242830753326, 0.10555607080459595, 0.1134212538599968, 0.11094705015420914, 0.1066492423415184, 0.10894407331943512, 0.10680782049894333, 0.10564994812011719, 0.10561434179544449, 0.11123277992010117, 0.10447946935892105, 0.10435131937265396, 0.10431493818759918, 0.11247296631336212, 0.11298847198486328, 0.11325724422931671, 0.11103478819131851, 0.1063155010342598, 0.11041062325239182, 0.11549139022827148, 0.11155224591493607, 0.11382914334535599, 0.10531183332204819, 0.10769262909889221, 0.10886602848768234, 0.10805964469909668, 0.10608811676502228, 0.11261904239654541, 0.11302486062049866, 0.10806485265493393, 0.11019228398799896, 0.11243119090795517, 0.10836867243051529, 0.10657726973295212, 0.1088508889079094, 0.10392086952924728, 0.10972337424755096, 0.10949176549911499, 0.10956217348575592, 0.10855279862880707, 0.11189699172973633, 0.11218187212944031, 0.11057104170322418, 0.10814101994037628, 0.11112785339355469, 0.1068832203745842, 0.10985220223665237, 0.108425073325634, 0.11639717221260071, 0.10838634520769119, 0.10675151646137238, 0.1126277968287468, 0.10926911979913712, 0.11018922179937363, 0.1071605235338211, 0.11069879680871964]}