{"loss": [0.07789980620145798, 0.06523438543081284, 0.0622607097029686, 0.06033225357532501, 0.059692345559597015, 0.05934241786599159, 0.0590374618768692, 0.058836668729782104, 0.058607492595911026, 0.05836563557386398, 0.05831889063119888, 0.05810069292783737, 0.05790359154343605, 0.05752522870898247, 0.05719033628702164, 0.05672575905919075, 0.05638771504163742, 0.05622471123933792, 0.056064411997795105, 0.05593795329332352, 0.05586884543299675, 0.05579924210906029, 0.055646009743213654, 0.055622126907110214, 0.055493295192718506, 0.05544417351484299, 0.05539730563759804, 0.055288586765527725, 0.05526154860854149, 0.055133040994405746, 0.05510428920388222, 0.05501336604356766, 0.05495045334100723, 0.05489496886730194, 0.05485660582780838, 0.054787348955869675, 0.05476609990000725, 0.05469004809856415, 0.05461880564689636, 0.05459430813789368, 0.05450156331062317, 0.054497599601745605, 0.054425377398729324, 0.054358068853616714, 0.054339949041604996, 0.05426057428121567, 0.05420704185962677, 0.05414048582315445, 0.05410204455256462, 0.05408669635653496, 0.05401413142681122, 0.054009050130844116, 0.053945135325193405, 0.05397339537739754, 0.053887419402599335, 0.05388021841645241, 0.053826071321964264, 0.05375145748257637, 0.05375918745994568, 0.0537150576710701, 0.05369472876191139, 0.05366111546754837, 0.053629644215106964, 0.053614210337400436, 0.05354991927742958], "MAE": [0.31184524297714233, 0.2878575921058655, 0.2796071171760559, 0.27380868792533875, 0.27206870913505554, 0.2711302936077118, 0.2702959179878235, 0.2696838974952698, 0.2690618336200714, 0.26847630739212036, 0.26829755306243896, 0.2677132487297058, 0.2672228217124939, 0.26618045568466187, 0.2653425633907318, 0.2640509009361267, 0.2630317509174347, 0.262553334236145, 0.26203230023384094, 0.2616102695465088, 0.26148781180381775, 0.2612297534942627, 0.2607589364051819, 0.26074936985969543, 0.26036307215690613, 0.2601650357246399, 0.26007410883903503, 0.25976863503456116, 0.25974521040916443, 0.2593010365962982, 0.2592482566833496, 0.25902479887008667, 0.2588270306587219, 0.2586729824542999, 0.2585368752479553, 0.25835949182510376, 0.2582953870296478, 0.2581251263618469, 0.25790736079216003, 0.2578464150428772, 0.2575385570526123, 0.257554829120636, 0.25740712881088257, 0.2571786642074585, 0.2571650743484497, 0.25693073868751526, 0.2568178176879883, 0.2566150724887848, 0.25650274753570557, 0.25645381212234497, 0.25625330209732056, 0.2562248408794403, 0.2560810148715973, 0.25616011023521423, 0.2558436095714569, 0.2559543251991272, 0.2556723356246948, 0.25554123520851135, 0.25551992654800415, 0.25542256236076355, 0.25537189841270447, 0.2553020417690277, 0.25515949726104736, 0.25515231490135193, 0.25494447350502014], "val_loss": [0.06279351562261581, 0.062489792704582214, 0.060685545206069946, 0.06087127700448036, 0.06214179843664169, 0.061984460800886154, 0.05943189561367035, 0.06128634512424469, 0.059995949268341064, 0.05912980064749718, 0.0642358735203743, 0.06196552887558937, 0.05918893590569496, 0.05925435945391655, 0.05944477394223213, 0.05651867017149925, 0.05572173371911049, 0.05843976140022278, 0.056812506169080734, 0.05802766606211662, 0.05745382979512215, 0.05721369758248329, 0.05599319934844971, 0.05744735524058342, 0.05770063400268555, 0.05620237812399864, 0.0564599372446537, 0.056261755526065826, 0.05634955316781998, 0.05744434893131256, 0.05630151182413101, 0.05596661567687988, 0.05735205486416817, 0.05576774850487709, 0.055220603942871094, 0.0559583380818367, 0.0554845929145813, 0.056885283440351486, 0.05615429952740669, 0.05717357248067856, 0.05512644350528717, 0.055017802864313126, 0.05658269301056862, 0.055323950946331024, 0.054620712995529175, 0.05560790002346039, 0.057053592056035995, 0.05633207783102989, 0.055062275379896164, 0.05576443299651146, 0.055403657257556915, 0.05528084933757782, 0.057292357087135315, 0.05579201132059097, 0.05575083941221237, 0.05608528107404709, 0.05567631497979164, 0.05530557781457901, 0.05511884763836861, 0.05625895783305168, 0.05473209172487259, 0.057171471416950226, 0.05563817545771599, 0.05548308789730072, 0.05493612587451935], "val_MAE": [0.2827266752719879, 0.2807205021381378, 0.2757369875907898, 0.2805194854736328, 0.27875152230262756, 0.28035786747932434, 0.2738146185874939, 0.279823899269104, 0.2763819396495819, 0.2759159803390503, 0.29123079776763916, 0.2805953025817871, 0.2745647430419922, 0.2766374349594116, 0.27881452441215515, 0.26667270064353943, 0.2616102695465088, 0.27628037333488464, 0.26966914534568787, 0.27415528893470764, 0.2707909345626831, 0.2702258825302124, 0.2652486562728882, 0.2699403464794159, 0.27062374353408813, 0.26540112495422363, 0.26778826117515564, 0.26733851432800293, 0.2679721415042877, 0.2700797915458679, 0.2641570568084717, 0.26574456691741943, 0.2696763575077057, 0.2629680335521698, 0.26299187541007996, 0.26549026370048523, 0.2638983130455017, 0.2688022255897522, 0.2681107819080353, 0.2658860981464386, 0.26097729802131653, 0.26136353611946106, 0.2680912911891937, 0.26151779294013977, 0.26056134700775146, 0.26578444242477417, 0.2710772156715393, 0.2666616141796112, 0.26188477873802185, 0.2638934552669525, 0.26476407051086426, 0.2633163332939148, 0.2702869474887848, 0.2663407027721405, 0.2625274658203125, 0.2666472792625427, 0.26734840869903564, 0.2640785276889801, 0.2637518644332886, 0.2668875455856323, 0.26293566823005676, 0.26847541332244873, 0.26218393445014954, 0.2626310884952545, 0.2616056501865387]}