{"loss": [0.02984578162431717, 0.014970646239817142, 0.014440427534282207, 0.013926798477768898, 0.013660668395459652, 0.01346631720662117, 0.013288937509059906, 0.013090131804347038, 0.012909280136227608, 0.012633905746042728, 0.012510085478425026, 0.012387428432703018, 0.012330634519457817, 0.012198075652122498, 0.012025236152112484, 0.01186047587543726, 0.011691255494952202, 0.011628811247646809, 0.011452441103756428, 0.01134538371115923, 0.01125437580049038, 0.01115744560956955, 0.011061500757932663, 0.011108205653727055, 0.011031835339963436, 0.01100935135036707, 0.010930487886071205, 0.010926506482064724, 0.010891707614064217, 0.010826680809259415, 0.010780048556625843, 0.010702078230679035, 0.010640307329595089, 0.010595710948109627, 0.010534393601119518, 0.010536659508943558, 0.010509547777473927, 0.01047802809625864, 0.010446378961205482, 0.010460968129336834, 0.010421691462397575, 0.010383953340351582], "MAE": [0.16384422779083252, 0.13382798433303833, 0.13153113424777985, 0.1289421170949936, 0.12754933536052704, 0.12657876312732697, 0.1258094310760498, 0.12474299967288971, 0.12394382059574127, 0.12256690114736557, 0.12194465845823288, 0.12135041505098343, 0.12103267014026642, 0.12036434561014175, 0.11945714801549911, 0.11857688426971436, 0.11761607974767685, 0.11726369708776474, 0.11631707102060318, 0.11571819335222244, 0.11522097885608673, 0.11466844379901886, 0.11418930441141129, 0.11442980915307999, 0.11404991149902344, 0.11389392614364624, 0.1134125217795372, 0.11346565186977386, 0.11332383006811142, 0.11294125765562057, 0.1127379760146141, 0.11230003088712692, 0.11200124770402908, 0.1117773950099945, 0.11140494048595428, 0.1114768534898758, 0.1112988218665123, 0.11117076873779297, 0.11097925156354904, 0.11103276908397675, 0.110847607254982, 0.11060670763254166], "val_loss": [0.01441581267863512, 0.01599244214594364, 0.013628494925796986, 0.01348639465868473, 0.012945604510605335, 0.012808340601623058, 0.012699991464614868, 0.01268778182566166, 0.01222313940525055, 0.01203677523881197, 0.011942148208618164, 0.012827031314373016, 0.01193761546164751, 0.01284605823457241, 0.011637146584689617, 0.012478126212954521, 0.011356702074408531, 0.012489735148847103, 0.01128948014229536, 0.011728084646165371, 0.01173598226159811, 0.011236670427024364, 0.01171343307942152, 0.012010306119918823, 0.011402296833693981, 0.011401034891605377, 0.012916074134409428, 0.011421576142311096, 0.011747129261493683, 0.012890394777059555, 0.012052275240421295, 0.011919012293219566, 0.012590513564646244, 0.011809583753347397, 0.01233922503888607, 0.01244542095810175, 0.011871891096234322, 0.012049667537212372, 0.011716539040207863, 0.011975545436143875, 0.011971119791269302, 0.013090555556118488], "val_MAE": [0.13048551976680756, 0.13578438758850098, 0.12701302766799927, 0.1256343573331833, 0.12556228041648865, 0.12274669855833054, 0.12295585125684738, 0.12216098606586456, 0.12197891622781754, 0.12039326876401901, 0.11935784667730331, 0.12167594581842422, 0.11870580911636353, 0.12388170510530472, 0.11811629682779312, 0.12064136564731598, 0.11781127750873566, 0.12145430594682693, 0.11550061404705048, 0.11977127939462662, 0.12046248465776443, 0.11855125427246094, 0.1221766471862793, 0.12300259619951248, 0.11879763007164001, 0.11946336179971695, 0.12779410183429718, 0.11991506069898605, 0.12139087915420532, 0.12489333003759384, 0.12460774928331375, 0.12345842272043228, 0.1263415366411209, 0.12233537435531616, 0.12364660203456879, 0.12590286135673523, 0.12456944584846497, 0.12335968762636185, 0.12097050994634628, 0.1228518933057785, 0.12493842095136642, 0.1306588053703308]}