{"loss": [0.13350649178028107, 0.040624748915433884, 0.039304304867982864, 0.038266636431217194, 0.037066131830215454, 0.03644707426428795, 0.03596190735697746, 0.03557976707816124, 0.035291366279125214, 0.03487025573849678, 0.034517932683229446, 0.03435315191745758, 0.03406756371259689, 0.03397178277373314, 0.03375178202986717, 0.03348420932888985, 0.03325781598687172, 0.03299339488148689, 0.03292267397046089, 0.03274508938193321, 0.03263853117823601, 0.032491251826286316, 0.03238146752119064, 0.03237130120396614, 0.0322006531059742, 0.03196978196501732, 0.03174784034490585, 0.03165382519364357, 0.03159566968679428, 0.03148655965924263, 0.03137866035103798, 0.0312928780913353, 0.031137553974986076, 0.03106854297220707, 0.03099539689719677, 0.03085600771009922, 0.030828772112727165, 0.03081025369465351, 0.03071543574333191, 0.030635474249720573, 0.030599506571888924, 0.030516313388943672, 0.03049331344664097, 0.030418867245316505, 0.030407438054680824, 0.03041171096265316, 0.03032107837498188, 0.030290944501757622, 0.030250629410147667, 0.03018123097717762, 0.030208978801965714, 0.030125657096505165, 0.030159687623381615, 0.030095668509602547, 0.030098797753453255, 0.030073091387748718, 0.029992831870913506, 0.029954785481095314, 0.029971659183502197, 0.029976988211274147, 0.029925063252449036, 0.029827797785401344, 0.0298440121114254, 0.029833795502781868, 0.029826104640960693, 0.02978585660457611, 0.02977062575519085, 0.02968747913837433, 0.029666291549801826, 0.0296656284481287, 0.029712209478020668, 0.029599148780107498, 0.029583344236016273, 0.029601160436868668, 0.02954087033867836, 0.029511351138353348, 0.029459472745656967, 0.029462095350027084, 0.029407881200313568, 0.029450930655002594, 0.029423614963889122, 0.029402099549770355, 0.029375702142715454, 0.029354821890592575, 0.029324963688850403, 0.02930375561118126, 0.02934694103896618, 0.0292506106197834, 0.029269391670823097, 0.029302231967449188, 0.029223913326859474, 0.029219869524240494, 0.02920476533472538, 0.029175957664847374, 0.029164820909500122, 0.029210610315203667, 0.029167791828513145, 0.029124096035957336, 0.02912970632314682], "MAE": [0.23814725875854492, 0.15700332820415497, 0.15433327853679657, 0.15223051607608795, 0.14959846436977386, 0.14823967218399048, 0.1471758633852005, 0.14621804654598236, 0.14543651044368744, 0.1444309651851654, 0.1436581164598465, 0.14326021075248718, 0.14261889457702637, 0.14231856167316437, 0.1417992264032364, 0.14124105870723724, 0.1406889408826828, 0.14003945887088776, 0.13989754021167755, 0.1394825130701065, 0.13918031752109528, 0.13884280622005463, 0.1386377066373825, 0.1385994404554367, 0.13825051486492157, 0.13773590326309204, 0.1372835636138916, 0.13712209463119507, 0.13695205748081207, 0.13673023879528046, 0.13647064566612244, 0.1362738162279129, 0.13596446812152863, 0.1357763707637787, 0.13562655448913574, 0.13531754910945892, 0.1352258324623108, 0.1351817548274994, 0.13498368859291077, 0.13483044505119324, 0.13476155698299408, 0.1345788538455963, 0.13450151681900024, 0.13434310257434845, 0.1343274861574173, 0.13429799675941467, 0.13414432108402252, 0.13413335382938385, 0.13394302129745483, 0.13380809128284454, 0.13388723134994507, 0.13364921510219574, 0.1337670385837555, 0.13355667889118195, 0.1335970163345337, 0.13355609774589539, 0.13337178528308868, 0.13325883448123932, 0.13330194354057312, 0.13326796889305115, 0.1332360953092575, 0.13299433887004852, 0.1330021172761917, 0.13299818336963654, 0.13295722007751465, 0.13284580409526825, 0.1328606754541397, 0.13260215520858765, 0.13254785537719727, 0.13260868191719055, 0.13271670043468475, 0.13244350254535675, 0.13234558701515198, 0.1324734389781952, 0.13224072754383087, 0.13223357498645782, 0.13207492232322693, 0.13212361931800842, 0.1319766491651535, 0.13207881152629852, 0.1321083903312683, 0.13199515640735626, 0.13193251192569733, 0.13183394074440002, 0.13175947964191437, 0.1317213475704193, 0.13182640075683594, 0.13159556686878204, 0.13170629739761353, 0.13172701001167297, 0.1315523087978363, 0.13153287768363953, 0.13152725994586945, 0.13145117461681366, 0.13138192892074585, 0.13152675330638885, 0.1314544975757599, 0.1313553899526596, 0.13133636116981506], "val_loss": [0.03806820884346962, 0.03724798187613487, 0.036615706980228424, 0.036913540214300156, 0.03480516001582146, 0.034249987453222275, 0.033860884606838226, 0.03368937224149704, 0.03393431752920151, 0.03342655673623085, 0.03314947336912155, 0.033453188836574554, 0.03373386710882187, 0.03339258208870888, 0.03346235677599907, 0.03333943709731102, 0.034088365733623505, 0.03343174606561661, 0.03414817154407501, 0.03489983454346657, 0.03560832515358925, 0.03495657816529274, 0.03463165462017059, 0.03312422335147858, 0.0333564318716526, 0.03432070463895798, 0.034825410693883896, 0.03342661261558533, 0.03484431281685829, 0.03455246239900589, 0.033960629254579544, 0.035283222794532776, 0.03396724909543991, 0.03287280350923538, 0.033638786524534225, 0.03415822982788086, 0.03386922925710678, 0.03299042209982872, 0.03466826304793358, 0.033588334918022156, 0.03590510040521622, 0.033917516469955444, 0.034058231860399246, 0.034961801022291183, 0.03456589952111244, 0.034807734191417694, 0.032938022166490555, 0.03425684943795204, 0.0327192060649395, 0.03475887328386307, 0.03485206887125969, 0.0361933559179306, 0.03505643457174301, 0.03504471108317375, 0.03400691598653793, 0.033160530030727386, 0.03285009786486626, 0.03584712743759155, 0.03284751623868942, 0.03693240508437157, 0.03461450710892677, 0.033685795962810516, 0.035681430250406265, 0.03508905693888664, 0.034616533666849136, 0.03420336917042732, 0.03447337821125984, 0.03425066918134689, 0.03567563369870186, 0.03565705195069313, 0.03465985134243965, 0.035908132791519165, 0.03346667066216469, 0.03378630802035332, 0.03464633971452713, 0.0356750525534153, 0.036550454795360565, 0.036397673189640045, 0.03863297030329704, 0.03386746346950531, 0.034501951187849045, 0.0352151058614254, 0.03529147431254387, 0.035991519689559937, 0.035969819873571396, 0.03496141359210014, 0.03456315025687218, 0.03379513695836067, 0.03391436114907265, 0.036544207483530045, 0.034535571932792664, 0.0348990261554718, 0.033628664910793304, 0.03599918261170387, 0.0335870161652565, 0.03675210475921631, 0.034518297761678696, 0.03546036407351494, 0.03385031223297119],