{"loss": [0.022953491657972336, 0.010995681397616863, 0.010411190800368786, 0.009728292003273964, 0.008751212619245052, 0.007881443947553635, 0.007581834681332111, 0.007275613956153393, 0.007076513022184372, 0.0068971202708780766, 0.0068164970725774765, 0.006744407583028078, 0.006667968817055225, 0.006585678085684776, 0.006559264380484819, 0.006483478471636772, 0.006440241355448961, 0.0063741072081029415, 0.006310435943305492, 0.0062197051011025906, 0.0060990056954324245, 0.006011398043483496, 0.005936549976468086, 0.005874427501112223, 0.005823898129165173, 0.005770497489720583, 0.005750439129769802, 0.005717695225030184, 0.005715494509786367, 0.005664552096277475, 0.005629455205053091, 0.005453784018754959, 0.005068561527878046, 0.004835149738937616, 0.004714209586381912, 0.004663361236453056, 0.004632990341633558, 0.00456867553293705, 0.004546723328530788, 0.004513382911682129, 0.004516752902418375, 0.004477325361222029, 0.004452443681657314, 0.004455797374248505, 0.004449470899999142, 0.0044228695333004, 0.004412318114191294, 0.004391257185488939, 0.004378588870167732, 0.00437028706073761, 0.00435652257874608, 0.0043589831329882145, 0.004333834629505873, 0.004336837213486433, 0.004326432943344116, 0.004333098419010639, 0.0043070269748568535, 0.004313593730330467, 0.004305814392864704, 0.004292651545256376, 0.00428547989577055, 0.004277142696082592, 0.0042808945290744305, 0.004259750712662935, 0.004263046197593212, 0.00424961419776082], "MAE": [0.1403854489326477, 0.11380108445882797, 0.11071955412626266, 0.10709948092699051, 0.10185110569000244, 0.09678041934967041, 0.09489689022302628, 0.09296512603759766, 0.0916948914527893, 0.09048699587583542, 0.08995572477579117, 0.08942271769046783, 0.08888916671276093, 0.08831139653921127, 0.08810927718877792, 0.08759602159261703, 0.0872802808880806, 0.08683164417743683, 0.08644044399261475, 0.085837222635746, 0.08504098653793335, 0.0844811424612999, 0.0839356780052185, 0.08351156860589981, 0.08316505700349808, 0.08279863744974136, 0.0826035663485527, 0.082391656935215, 0.08235016465187073, 0.08197619765996933, 0.08174989372491837, 0.08058233559131622, 0.07787557691335678, 0.07615070790052414, 0.07518318295478821, 0.07477471977472305, 0.07452098280191422, 0.07398207485675812, 0.07381671667098999, 0.07354091107845306, 0.07352817058563232, 0.07322806864976883, 0.07298912853002548, 0.07303940504789352, 0.07297996431589127, 0.07278591394424438, 0.07264512032270432, 0.07251068949699402, 0.07238525152206421, 0.07230906933546066, 0.07219794392585754, 0.07221527397632599, 0.07199275493621826, 0.07204235345125198, 0.07193626463413239, 0.07198768854141235, 0.07177074998617172, 0.07183410972356796, 0.07173716276884079, 0.07161678373813629, 0.0715714693069458, 0.07148285210132599, 0.07151860743761063, 0.0713258758187294, 0.07137111574411392, 0.07125884294509888], "val_loss": [0.010938132181763649, 0.010089590214192867, 0.010490904562175274, 0.010736453346908092, 0.008218467235565186, 0.007540090940892696, 0.00754744466394186, 0.007096718065440655, 0.006949881091713905, 0.006602887064218521, 0.0071567646227777, 0.006884465925395489, 0.0074289399199187756, 0.006456870585680008, 0.01110102143138647, 0.006452248431742191, 0.006759816315025091, 0.007391324266791344, 0.009208344854414463, 0.007813191041350365, 0.007846871390938759, 0.00871224794536829, 0.005958567839115858, 0.006328805815428495, 0.0067511205561459064, 0.008869628421962261, 0.007685518357902765, 0.008277781307697296, 0.0070808688178658485, 0.005954551976174116, 0.00733031053096056, 0.005762317217886448, 0.004653435666114092, 0.0046252296306192875, 0.004630920011550188, 0.004340639803558588, 0.004647890105843544, 0.004402213264256716, 0.004431950394064188, 0.004444215912371874, 0.004822710063308477, 0.00513656809926033, 0.00444769999012351, 0.004543075803667307, 0.004393543116748333, 0.004201767034828663, 0.004619892220944166, 0.004820593167096376, 0.004612343851476908, 0.004309311509132385, 0.004588172771036625, 0.004730648826807737, 0.0050565083511173725, 0.00431223027408123, 0.005056164693087339, 0.0046417503617703915, 0.004372376017272472, 0.004688797052949667, 0.004527534823864698, 0.0044501530937850475, 0.004338661674410105, 0.004952166695147753, 0.004313347861170769, 0.004516215529292822, 0.0046433014795184135, 0.005145354196429253], "val_MAE": [0.11209861189126968, 0.10968822985887527, 0.11008839309215546, 0.11421236395835876, 0.09720221161842346, 0.09299799799919128, 0.09288317710161209, 0.09012250602245331, 0.08891947567462921, 0.08703330904245377, 0.09020107984542847, 0.0901292935013771, 0.09215690195560455, 0.08785232901573181, 0.11400489509105682, 0.08642716705799103, 0.08820425719022751, 0.0919950008392334, 0.10327441245317459, 0.0947258248925209, 0.09532438963651657, 0.10120577365159988, 0.08374544978141785, 0.08616062253713608, 0.08903374522924423, 0.10202477127313614, 0.09443936496973038, 0.09844087064266205, 0.0908660814166069, 0.08310023695230484, 0.09252608567476273, 0.0829186886548996, 0.07464394718408585, 0.07402081787586212, 0.07455702126026154, 0.07243669033050537, 0.07417968660593033, 0.07353684306144714, 0.07367687672376633, 0.07363917678594589, 0.07612793892621994, 0.07880742102861404, 0.07327209413051605, 0.07401406764984131, 0.07292608916759491, 0.07155082374811172, 0.07485227286815643, 0.07551505416631699, 0.07434366643428802, 0.07201369106769562, 0.07419035583734512, 0.07550022751092911, 0.07831243425607681, 0.07226055860519409, 0.07673836499452591, 0.07415080815553665, 0.07279477268457413, 0.07474634796380997, 0.07409326732158661, 0.07263094186782837, 0.07250037044286728, 0.07734016329050064, 0.07203664630651474, 0.07392381876707077, 0.07485376298427582, 0.07945147156715393]}