{"loss": [0.10604232549667358, 0.02837241068482399, 0.028211889788508415, 0.02805146388709545, 0.027939818799495697, 0.027804085984826088, 0.02762569859623909, 0.027451859787106514, 0.02726782113313675, 0.027145087718963623, 0.02705555409193039, 0.02698608674108982, 0.026905488222837448, 0.026883713901042938, 0.02680286392569542, 0.026886695995926857, 0.026710348203778267, 0.026758164167404175, 0.026691803708672523, 0.02674887701869011, 0.02659645304083824, 0.026614418253302574, 0.026628602296113968, 0.026621708646416664, 0.026611927896738052, 0.026679811999201775, 0.026658546179533005, 0.026713769882917404, 0.026550455018877983, 0.02657002955675125, 0.026485316455364227, 0.026556529104709625, 0.026483291760087013, 0.026453768834471703, 0.02642340585589409, 0.026406211778521538, 0.026392480358481407, 0.026367411017417908, 0.026602480560541153, 0.026581568643450737, 0.026327934116125107, 0.026594562456011772, 0.026445860043168068, 0.0263189859688282, 0.026306577026844025, 0.026294393464922905, 0.026249978691339493, 0.026262741535902023, 0.02623211406171322, 0.02626616321504116, 0.026240073144435883, 0.026236847043037415, 0.026234237477183342, 0.026220161467790604, 0.026220565661787987, 0.026203393936157227, 0.02619262784719467, 0.02620309218764305, 0.026210883632302284, 0.026208743453025818, 0.026178808882832527, 0.026294609531760216, 0.026172323152422905, 0.02623913809657097, 0.026192428544163704, 0.02631489746272564, 0.02765282243490219, 0.026832789182662964, 0.026907041668891907, 0.027122661471366882, 0.027191685512661934, 0.027483170852065086, 0.028876984491944313, 0.02687147632241249, 0.026517406105995178, 0.026385841891169548], "MAE": [0.19993218779563904, 0.12983296811580658, 0.12932154536247253, 0.12885916233062744, 0.12855786085128784, 0.1281128078699112, 0.12758667767047882, 0.12713272869586945, 0.12663808465003967, 0.12634271383285522, 0.12609371542930603, 0.12580806016921997, 0.12580370903015137, 0.1258312612771988, 0.12549203634262085, 0.12562640011310577, 0.12502682209014893, 0.12523037195205688, 0.12519702315330505, 0.12532725930213928, 0.12480297684669495, 0.12477592378854752, 0.12478595227003098, 0.12477169930934906, 0.12476518005132675, 0.12499722838401794, 0.12492077052593231, 0.12499960511922836, 0.12454591691493988, 0.12460201978683472, 0.12436182051897049, 0.12456636130809784, 0.12433406710624695, 0.12426852434873581, 0.12414170801639557, 0.12413220852613449, 0.12411494553089142, 0.12406925857067108, 0.12469930201768875, 0.12490792572498322, 0.12392115592956543, 0.12497957050800323, 0.12463949620723724, 0.12384345382452011, 0.12376434355974197, 0.12371726334095001, 0.12360336631536484, 0.1236264556646347, 0.123601533472538, 0.12370820343494415, 0.12364710867404938, 0.12360898405313492, 0.12359578162431717, 0.12355004251003265, 0.12359557300806046, 0.1235189214348793, 0.12348773330450058, 0.12354114651679993, 0.12355869263410568, 0.12352510541677475, 0.1234644278883934, 0.1238364726305008, 0.1234736293554306, 0.12372665852308273, 0.12360090017318726, 0.1239803358912468, 0.12823694944381714, 0.12575142085552216, 0.12635920941829681, 0.12737412750720978, 0.12776140868663788, 0.12881354987621307, 0.13174603879451752, 0.12595507502555847, 0.12469331920146942, 0.12417039275169373], "val_loss": [0.02964506670832634, 0.03074382059276104, 0.031651049852371216, 0.032912928611040115, 0.03371967002749443, 0.03118821606040001, 0.030760642141103745, 0.035329535603523254, 0.033908382058143616, 0.02904537320137024, 0.032166674733161926, 0.03243141248822212, 0.030565563589334488, 0.031532321125268936, 0.03007984347641468, 0.030560553073883057, 0.029113320633769035, 0.029534338042140007, 0.02895805984735489, 0.030215587466955185, 0.03224976733326912, 0.030676713213324547, 0.03249554708600044, 0.029829464852809906, 0.03170542046427727, 0.028636623173952103, 0.031957950443029404, 0.030431615188717842, 0.03154050558805466, 0.03019762597978115, 0.032225463539361954, 0.03321358561515808, 0.03098704107105732, 0.03186514973640442, 0.030396804213523865, 0.030459672212600708, 0.032403964549303055, 0.029724253341555595, 0.030579082667827606, 0.029864348471164703, 0.03020697645843029, 0.030325330793857574, 0.029626989737153053, 0.02968992292881012, 0.030485985800623894, 0.031100958585739136, 0.03046490252017975, 0.029970604926347733, 0.029672110453248024, 0.031311776489019394, 0.02956085279583931, 0.030999520793557167, 0.03127384930849075, 0.02976505644619465, 0.02993874065577984, 0.030197449028491974, 0.029620591551065445, 0.033297281712293625, 0.030439985916018486, 0.03117562271654606, 0.02944769710302353, 0.030351080000400543, 0.031211525201797485, 0.03129403293132782, 0.03142700344324112, 0.030629198998212814, 0.0301569364964962, 0.030834611505270004, 0.03117050789296627, 0.031500961631536484, 0.03281446546316147, 0.03268621116876602, 0.032071471214294434, 0.033938828855752945, 0.031577758491039276, 0.03333597257733345], "val_MAE": [0.1350041925907135, 0.13820981979370117, 0.14125539362430573, 0.1434655338525772, 0.14566195011138916, 0.13979974389076233, 0.14147742092609406, 0.1507720947265625, 0.14732114970684052, 0.13537773489952087, 0.14342108368873596, 0.14429977536201477, 0.14043176174163818, 0.1426958441734314, 0.13778865337371826, 0.13885973393917084, 0.13602928817272186, 0.13549990952014923, 0.13547742366790771, 0.13877075910568237, 0.1437939703464508, 0.13979554176330566, 0.14443892240524292, 0.13617758452892303, 0.14198386669158936, 0.13444918394088745, 0.14337968826293945, 0.13815496861934662, 0.14237183332443237, 0.13850443065166473, 0.1444716900587082, 0.14519530534744263, 0.14056327939033508, 0.1424393355846405, 0.1390758901834488, 0.13898487389087677, 0.14282040297985077, 0.1359577476978302, 0.13943396508693695, 0.1377185434103012, 0.13780207931995392, 0.13958506286144257, 0.13667774200439453, 0.13658945262432098, 0.139204204082489, 0.14107821881771088, 0.13926595449447632, 0.13728974759578705, 0.1369151920080185, 0.14075255393981934, 0.13692349195480347, 0.1400592029094696, 0.1407761126756668, 0.13734136521816254, 0.13782039284706116, 0.1382240355014801, 0.13721692562103271, 0.14644663035869598, 0.13839179277420044, 0.14048276841640472, 0.1365407109260559, 0.13841122388839722, 0.14117026329040527, 0.14181552827358246, 0.14015056192874908, 0.13962748646736145, 0.13795176148414612, 0.13751320540905, 0.14095847308635712, 0.14027346670627594, 0.14417532086372375, 0.14414948225021362, 0.1417626291513443, 0.14750376343727112, 0.14168532192707062, 0.14403016865253448]}