{"loss": [0.020442862063646317, 0.010171022266149521, 0.009567434899508953, 0.008970104157924652, 0.007742232643067837, 0.007005071733146906, 0.00669432245194912, 0.006464916747063398, 0.006266399752348661, 0.006136606447398663, 0.006011171266436577, 0.005896564573049545, 0.00580715574324131, 0.005778867285698652, 0.00567838829010725, 0.005636815447360277, 0.005568840075284243, 0.005532711278647184, 0.005481601692736149, 0.005405011121183634, 0.005326858721673489, 0.005245448090136051, 0.005165552254766226, 0.00508755212649703, 0.005027115810662508, 0.004967854358255863, 0.004928411915898323, 0.004900206811726093, 0.004881967790424824, 0.004844109993427992, 0.0048395609483122826, 0.004821020178496838, 0.004792971536517143, 0.004737679846584797, 0.004661879502236843, 0.004920017905533314, 0.004518141504377127, 0.00475816847756505, 0.004163297358900309, 0.004012970253825188, 0.003942494280636311, 0.00387650728225708, 0.003847667248919606, 0.003814062802121043, 0.0038052271120250225, 0.0037820939905941486, 0.0037282612174749374, 0.0037185773253440857, 0.0037045911885797977, 0.003687212709337473, 0.003672584891319275, 0.003653216175734997, 0.0036402742844074965, 0.003631725674495101, 0.003610980696976185, 0.0035982527770102024, 0.0036026944871991873, 0.0035962483379989862, 0.00357949361205101, 0.003591262036934495, 0.003565774066373706, 0.0035742002073675394, 0.003553136019036174, 0.0035488177090883255, 0.003529459470883012, 0.003542911494150758, 0.0035336099099367857, 0.0035190884955227375, 0.003520894329994917, 0.003512161085382104, 0.0035029493737965822], "MAE": [0.1330179125070572, 0.10931899398565292, 0.10593514144420624, 0.10262968391180038, 0.09571494162082672, 0.09112033993005753, 0.08898783475160599, 0.08746133744716644, 0.08613760769367218, 0.08518567681312561, 0.08428757637739182, 0.08349019289016724, 0.08278164267539978, 0.0825485959649086, 0.0817975103855133, 0.08148007094860077, 0.08097846806049347, 0.08072485774755478, 0.08032353967428207, 0.07978688925504684, 0.07925130426883698, 0.07865689694881439, 0.07808111608028412, 0.07752503454685211, 0.07704482972621918, 0.07659492641687393, 0.07631552219390869, 0.07608979940414429, 0.07594890892505646, 0.07564910501241684, 0.07561960816383362, 0.07548525929450989, 0.07525613158941269, 0.07486335933208466, 0.07434321194887161, 0.07622852921485901, 0.0733758732676506, 0.07515999674797058, 0.0706617459654808, 0.06940080970525742, 0.06881079077720642, 0.06823563575744629, 0.0679723471403122, 0.06769099831581116, 0.06761669367551804, 0.06738553941249847, 0.06695276498794556, 0.06682982295751572, 0.06671683490276337, 0.06653326004743576, 0.06642848253250122, 0.06626749038696289, 0.06612510979175568, 0.06603957712650299, 0.06583993881940842, 0.06572423875331879, 0.06576874852180481, 0.06572142988443375, 0.0655461773276329, 0.06568034738302231, 0.06540590524673462, 0.06547069549560547, 0.06527913361787796, 0.06525050103664398, 0.06507278978824615, 0.06522465497255325, 0.06510776281356812, 0.06495671719312668, 0.06499455124139786, 0.06489185243844986, 0.06481900811195374], "val_loss": [0.010024628601968288, 0.009381773881614208, 0.00906019564718008, 0.008310403674840927, 0.0068293120712041855, 0.006587041541934013, 0.008034949190914631, 0.007144053932279348, 0.006093783304095268, 0.006803911179304123, 0.006860360503196716, 0.006021955516189337, 0.007065963931381702, 0.009467437863349915, 0.010921473614871502, 0.008329873904585838, 0.008199861273169518, 0.005990162026137114, 0.008528035134077072, 0.00903866346925497, 0.007793445140123367, 0.007943864911794662, 0.011531743220984936, 0.006430176552385092, 0.007056811358779669, 0.006298648193478584, 0.005949249491095543, 0.00926889106631279, 0.006350500974804163, 0.005916394758969545, 0.004852720536291599, 0.005850535351783037, 0.0055175102315843105, 0.005556549411267042, 0.006234000436961651, 0.005134283099323511, 0.004265000578016043, 0.004169713240116835, 0.004311499185860157, 0.003950354177504778, 0.003679794492200017, 0.004076650366187096, 0.0037369132041931152, 0.0036638928577303886, 0.004072985611855984, 0.003829594701528549, 0.004291857127100229, 0.0042847925797104836, 0.0035874228924512863, 0.004227327648550272, 0.0034035947173833847, 0.004127904307097197, 0.003687622956931591, 0.004243340343236923, 0.00405974593013525, 0.003998067695647478, 0.005073785316199064, 0.004267756827175617, 0.005129388999193907, 0.004110495559871197, 0.0035926993004977703, 0.003934216685593128, 0.004033714532852173, 0.00399403041228652, 0.005889919586479664, 0.005109504330903292, 0.003816968761384487, 0.0047883749939501286, 0.003923430573195219, 0.004395680967718363, 0.003780832514166832], "val_MAE": [0.10758188366889954, 0.10355214774608612, 0.10253558307886124, 0.09749456495046616, 0.09086494147777557, 0.08904163539409637, 0.09485413879156113, 0.08949238806962967, 0.08427949249744415, 0.08814097195863724, 0.0878896564245224, 0.08216705173254013, 0.0886571854352951, 0.10445661842823029, 0.11167053878307343, 0.09685014188289642, 0.0968409851193428, 0.08224502950906754, 0.09810873866081238, 0.10167964547872543, 0.09457854926586151, 0.09523268789052963, 0.11698547005653381, 0.08652666211128235, 0.09065193682909012, 0.08563781529664993, 0.0829334482550621, 0.10569193214178085, 0.08508376032114029, 0.08324706554412842, 0.07533645629882812, 0.08227946609258652, 0.0802481546998024, 0.0802796483039856, 0.08547631651163101, 0.07737111300230026, 0.07166089117527008, 0.07095156610012054, 0.07199777662754059, 0.06916089355945587, 0.06629739701747894, 0.06948684900999069, 0.06661348044872284, 0.06598935276269913, 0.06948240846395493, 0.06774355471134186, 0.07161013782024384, 0.07133284211158752, 0.06525439023971558, 0.07101524621248245, 0.06410811096429825, 0.06988755613565445, 0.06632476300001144, 0.07131317257881165, 0.0694575160741806, 0.06891655176877975, 0.07776673138141632, 0.07154358923435211, 0.0779571533203125, 0.06997038424015045, 0.06572414189577103, 0.06833688914775848, 0.06932979822158813, 0.06914953142404556, 0.0833825021982193, 0.07859437167644501, 0.06755761057138443, 0.07621797919273376, 0.0688510313630104, 0.07234391570091248, 0.06726938486099243]}