{"loss": [0.36457037925720215, 0.021443914622068405, 0.0207703597843647, 0.02090384252369404, 0.02060677669942379, 0.020551778376102448, 0.020421205088496208, 0.02060522884130478, 0.02041628770530224, 0.02028791978955269, 0.02012811414897442, 0.02029239386320114, 0.02026785910129547, 0.020132193341851234, 0.020124249160289764, 0.020122263580560684, 0.020298223942518234, 0.020287275314331055, 0.020239101722836494, 0.020052054896950722, 0.02007361315190792, 0.019961554557085037, 0.020004259422421455, 0.019891278818249702, 0.019905107095837593, 0.01981130987405777, 0.019844356924295425, 0.01985958218574524, 0.01975148357450962, 0.019686955958604813, 0.01971343345940113, 0.019637033343315125, 0.01968652382493019, 0.019657490774989128, 0.019536374136805534, 0.019621459767222404, 0.019540011882781982, 0.019511453807353973, 0.01950930245220661, 0.01948346197605133, 0.019423482939600945, 0.01943669468164444, 0.019415931776165962, 0.019434403628110886, 0.019442589953541756, 0.019429516047239304, 0.019398579373955727, 0.01937931589782238, 0.019388439133763313, 0.019386528059840202, 0.019405998289585114, 0.019309384748339653, 0.01941363885998726, 0.01934419572353363, 0.019344676285982132, 0.019301222637295723, 0.01929326541721821, 0.019319789484143257, 0.019309736788272858, 0.01928749680519104, 0.019301848486065865, 0.01930498518049717, 0.019265536218881607, 0.019252154976129532, 0.019263818860054016, 0.019278792664408684, 0.019295673817396164, 0.019208138808608055, 0.019239144399762154, 0.019204003736376762], "MAE": [0.45101216435432434, 0.11252377927303314, 0.11027227342128754, 0.11057107895612717, 0.10967093706130981, 0.1094965711236, 0.1091441959142685, 0.109639972448349, 0.10913179814815521, 0.10875767469406128, 0.10831047594547272, 0.10876275599002838, 0.10874252766370773, 0.10829933732748032, 0.10830136388540268, 0.10832686722278595, 0.10872642695903778, 0.1087401956319809, 0.10857357084751129, 0.10802663117647171, 0.10792649537324905, 0.10765695571899414, 0.10765483230352402, 0.1072264239192009, 0.10730084031820297, 0.1069176197052002, 0.10705769062042236, 0.10721707344055176, 0.10675521939992905, 0.10650210827589035, 0.10651987046003342, 0.1064080148935318, 0.10651148855686188, 0.10639091581106186, 0.10598583519458771, 0.10626521706581116, 0.10600116103887558, 0.10588447749614716, 0.10583480447530746, 0.10586652159690857, 0.10556545108556747, 0.10559170693159103, 0.10548709332942963, 0.10556172579526901, 0.10553406924009323, 0.10562866181135178, 0.10541089624166489, 0.10541170090436935, 0.10528785735368729, 0.10537376999855042, 0.10547861456871033, 0.10518692433834076, 0.10540132969617844, 0.10523540526628494, 0.10526430606842041, 0.10513617843389511, 0.10501515120267868, 0.10520563274621964, 0.10517308861017227, 0.1050218939781189, 0.10510582476854324, 0.10507947951555252, 0.1049690917134285, 0.10493964701890945, 0.10491722822189331, 0.1049744114279747, 0.10501858592033386, 0.1047561764717102, 0.10482674837112427, 0.10467594861984253], "val_loss": [0.02341795340180397, 0.01986350119113922, 0.021033361554145813, 0.01988857239484787, 0.020824212580919266, 0.0198802649974823, 0.0194386076182127, 0.02090523950755596, 0.01941385306417942, 0.019948258996009827, 0.019447065889835358, 0.02027653343975544, 0.020449355244636536, 0.0202260073274374, 0.02023530937731266, 0.019553406164050102, 0.019399967044591904, 0.02045607566833496, 0.019551275297999382, 0.019171923398971558, 0.019379574805498123, 0.019291652366518974, 0.019797688350081444, 0.019451098516583443, 0.019281333312392235, 0.019287051633000374, 0.019309619441628456, 0.01979655586183071, 0.019406449049711227, 0.020119396969676018, 0.020012367516756058, 0.01971355453133583, 0.01924041286110878, 0.019569087773561478, 0.02105526067316532, 0.020341267809271812, 0.02042488381266594, 0.019633548334240913, 0.02009177766740322, 0.01963668502867222, 0.020038172602653503, 0.021479060873389244, 0.020092271268367767, 0.01957777887582779, 0.020580381155014038, 0.01986582577228546, 0.02096209116280079, 0.019888201728463173, 0.021056892350316048, 0.02030174992978573, 0.020400311797857285, 0.020599404349923134, 0.019801238551735878, 0.019907496869564056, 0.021941814571619034, 0.02130737714469433, 0.02140561118721962, 0.020445873960852623, 0.019414344802498817, 0.0197015218436718, 0.019940372556447983, 0.01920614391565323, 0.021355949342250824, 0.019957900047302246, 0.019989360123872757, 0.019469501450657845, 0.021216582506895065, 0.020527509972453117, 0.02122500166296959, 0.020830439403653145], "val_MAE": [0.11882171034812927, 0.10803930461406708, 0.11053697764873505, 0.10718357563018799, 0.11026111990213394, 0.10763170570135117, 0.10581722110509872, 0.11021146178245544, 0.10553096979856491, 0.10667908191680908, 0.1061536893248558, 0.10807810723781586, 0.10850130766630173, 0.10875660181045532, 0.10872956365346909, 0.10659059882164001, 0.10603033751249313, 0.10972312837839127, 0.10724994540214539, 0.10491275042295456, 0.10688076913356781, 0.1058768630027771, 0.10883434861898422, 0.1075858622789383, 0.10665547847747803, 0.1063520535826683, 0.1067817434668541, 0.10939225554466248, 0.1076727956533432, 0.11101480573415756, 0.111223004758358, 0.10802251100540161, 0.10536833852529526, 0.10833176970481873, 0.11407923698425293, 0.11183005571365356, 0.11268031597137451, 0.10872545093297958, 0.11088346689939499, 0.10900314152240753, 0.11014445871114731, 0.11544657498598099, 0.1100519523024559, 0.10733494162559509, 0.11332326382398605, 0.10950379073619843, 0.11392224580049515, 0.1090969666838646, 0.11361104995012283, 0.11009037494659424, 0.11021816730499268, 0.11175866425037384, 0.10827302932739258, 0.10838211327791214, 0.11649411171674728, 0.11174530535936356, 0.11371000856161118, 0.11002607643604279, 0.10704042762517929, 0.10701300203800201, 0.10906015336513519, 0.1057613268494606, 0.1134609803557396, 0.10848049074411392, 0.10820572078227997, 0.10706371814012527, 0.1133614182472229, 0.11100813746452332, 0.11304686963558197, 0.11370228230953217]}