{"loss": [0.35503774881362915, 0.08622827380895615, 0.08171956241130829, 0.07658486068248749, 0.07473015040159225, 0.07379716634750366, 0.07313065975904465, 0.07245097309350967, 0.07200052589178085, 0.07143212854862213, 0.07096260786056519, 0.07053491473197937, 0.07044683396816254, 0.07009763270616531, 0.06977937370538712, 0.06955194473266602, 0.06952308863401413, 0.06916669011116028, 0.06914498656988144, 0.06894344091415405, 0.06882470101118088, 0.06870187073945999, 0.06873752176761627, 0.06860101968050003, 0.06854473799467087, 0.0683932825922966, 0.06833194196224213, 0.06826438009738922, 0.07369588315486908, 0.06999172270298004, 0.06927450746297836, 0.06909721344709396, 0.06879619508981705, 0.06863049417734146, 0.06846338510513306, 0.06839176267385483, 0.06826234608888626, 0.06814128905534744, 0.06790341436862946, 0.06793909519910812, 0.06799294799566269, 0.06788191944360733, 0.067776620388031, 0.06775519996881485, 0.06762159615755081, 0.06763224303722382, 0.06763830035924911, 0.06757352501153946, 0.06756772845983505, 0.06746785342693329, 0.06748300790786743, 0.06748465448617935, 0.06741418689489365, 0.06735830008983612, 0.06733066588640213, 0.06724082678556442, 0.06731265038251877, 0.0672789141535759, 0.067225880920887, 0.06718762964010239, 0.06715825200080872, 0.06713598221540451, 0.06713029742240906, 0.06710433214902878, 0.06704948097467422, 0.06709118187427521, 0.06705351173877716, 0.06702565401792526, 0.06707600504159927], "MAE": [0.45533496141433716, 0.23242445290088654, 0.22607028484344482, 0.21845413744449615, 0.2154514193534851, 0.2140912413597107, 0.2130367010831833, 0.21201686561107635, 0.21131722629070282, 0.21034719049930573, 0.209600031375885, 0.20890218019485474, 0.20880238711833954, 0.20826104283332825, 0.20766358077526093, 0.20736077427864075, 0.20723006129264832, 0.206708624958992, 0.2066155970096588, 0.20622959733009338, 0.20594888925552368, 0.20585402846336365, 0.20594875514507294, 0.20564202964305878, 0.20562773942947388, 0.20534305274486542, 0.20522440969944, 0.20511792600154877, 0.21494165062904358, 0.2092183232307434, 0.20759238302707672, 0.20705768465995789, 0.2064369171857834, 0.20610536634922028, 0.20575150847434998, 0.20562343299388885, 0.20533792674541473, 0.20512178540229797, 0.20462104678153992, 0.20471547544002533, 0.20472422242164612, 0.20450346171855927, 0.20432832837104797, 0.20424121618270874, 0.20400600135326385, 0.20405004918575287, 0.20407474040985107, 0.20396795868873596, 0.203945592045784, 0.2037542313337326, 0.2038237303495407, 0.20385412871837616, 0.203680157661438, 0.20354469120502472, 0.20351459085941315, 0.20342081785202026, 0.20348504185676575, 0.2034635692834854, 0.2033235728740692, 0.2032528519630432, 0.20317433774471283, 0.20316508412361145, 0.2031439244747162, 0.20315951108932495, 0.20301102101802826, 0.20308752357959747, 0.20304396748542786, 0.2029804289340973, 0.20309285819530487], "val_loss": [0.08045782148838043, 0.07521665096282959, 0.07313112169504166, 0.08422057330608368, 0.07490949332714081, 0.07773970067501068, 0.08004944026470184, 0.07938826829195023, 0.07838363945484161, 0.07793600112199783, 0.08085650950670242, 0.08841566741466522, 0.0862019881606102, 0.08108451217412949, 0.08488500863313675, 0.0784202292561531, 0.07826166599988937, 0.08324263244867325, 0.07514597475528717, 0.07634586840867996, 0.08087312430143356, 0.08132164925336838, 0.07932506501674652, 0.07645782828330994, 0.0785812959074974, 0.07548071444034576, 0.07667405903339386, 0.08305729925632477, 0.08070248365402222, 0.0799560397863388, 0.07697878777980804, 0.07959158718585968, 0.08250823616981506, 0.07768243551254272, 0.07711193710565567, 0.08111396431922913, 0.08126614987850189, 0.07733256369829178, 0.0767957791686058, 0.07700445502996445, 0.07960508018732071, 0.08411107212305069, 0.08444064855575562, 0.08335239440202713, 0.08092110604047775, 0.08220293372869492, 0.08239644020795822, 0.08194443583488464, 0.07862087339162827, 0.08206426352262497, 0.07867433875799179, 0.07872915267944336, 0.08215315639972687, 0.08455842733383179, 0.0775446966290474, 0.0820847824215889, 0.08523901551961899, 0.08157245069742203, 0.07650111615657806, 0.07833024859428406, 0.07751476764678955, 0.07906807959079742, 0.078295037150383, 0.08376888185739517, 0.07747689634561539, 0.08125995844602585, 0.07912717014551163, 0.08011554926633835, 0.07856784015893936], "val_MAE": [0.2262793928384781, 0.2186981439590454, 0.21689748764038086, 0.2328859120607376, 0.22177548706531525, 0.22313182055950165, 0.22701425850391388, 0.22571592032909393, 0.22501499950885773, 0.2244531512260437, 0.22758695483207703, 0.23851759731769562, 0.23529532551765442, 0.22879618406295776, 0.23353324830532074, 0.2244926542043686, 0.2247757762670517, 0.2315472811460495, 0.2201143205165863, 0.22152215242385864, 0.2277614325284958, 0.2290564924478531, 0.22620607912540436, 0.22195099294185638, 0.2246824949979782, 0.21934860944747925, 0.22246433794498444, 0.2321329563856125, 0.22824342548847198, 0.22787262499332428, 0.22284246981143951, 0.22602833807468414, 0.2302505522966385, 0.22431598603725433, 0.22306209802627563, 0.22886797785758972, 0.2290751188993454, 0.22292307019233704, 0.2223268300294876, 0.22336861491203308, 0.2259010672569275, 0.23218229413032532, 0.2331846058368683, 0.23159262537956238, 0.22825872898101807, 0.22988659143447876, 0.2301514744758606, 0.229610413312912, 0.22497893869876862, 0.2295556366443634, 0.22471338510513306, 0.22472040355205536, 0.2298378050327301, 0.2334592640399933, 0.22309263050556183, 0.2294483631849289, 0.2341221123933792, 0.22883103787899017, 0.2221536487340927, 0.2242240458726883, 0.22376704216003418, 0.2256486564874649, 0.22474585473537445, 0.23305238783359528, 0.2229427695274353, 0.2292325794696808, 0.2257712185382843, 0.2273331880569458, 0.2247508317232132]}