{"loss": [0.2630901038646698, 0.1414775252342224, 0.13748101890087128, 0.1357061117887497, 0.13439778983592987, 0.13350480794906616, 0.13271087408065796, 0.1318514496088028, 0.13144801557064056, 0.13082508742809296, 0.13072657585144043, 0.13028450310230255, 0.13011279702186584, 0.12996992468833923, 0.12973567843437195, 0.12956005334854126, 0.1293923556804657, 0.12925496697425842, 0.12903831899166107, 0.12904460728168488, 0.12887468934059143, 0.12871053814888, 0.12864573299884796, 0.12856894731521606, 0.1284961700439453, 0.1284041553735733, 0.12832966446876526, 0.12823651731014252, 0.12823046743869781, 0.12803439795970917, 0.12800274789333344, 0.1278165876865387, 0.12771545350551605, 0.1276061236858368, 0.12764383852481842, 0.12751738727092743, 0.12744274735450745, 0.12730398774147034, 0.12717515230178833, 0.12711705267429352, 0.12705320119857788, 0.12698176503181458, 0.1268007904291153, 0.12677425146102905, 0.12672413885593414, 0.12671543657779694, 0.1265580654144287, 0.12649333477020264, 0.12656733393669128, 0.12649451196193695, 0.1264558583498001, 0.12630635499954224, 0.1263565570116043, 0.12628255784511566, 0.12616653740406036, 0.12616924941539764, 0.126006081700325, 0.12594839930534363, 0.12595351040363312, 0.1260956972837448, 0.12590903043746948, 0.1258862167596817, 0.1259090155363083, 0.12574605643749237, 0.12574346363544464, 0.1257728785276413, 0.12561078369617462, 0.12567424774169922, 0.1254977285861969, 0.12559525668621063, 0.1254887580871582, 0.12549349665641785, 0.1254238486289978, 0.12537845969200134, 0.1254577785730362, 0.125312939286232], "MAE": [0.4005132019519806, 0.30203279852867126, 0.2975066304206848, 0.29542088508605957, 0.2938779294490814, 0.29270991683006287, 0.2917655408382416, 0.29064345359802246, 0.29022297263145447, 0.28943341970443726, 0.2892545461654663, 0.28863799571990967, 0.2884053587913513, 0.28824713826179504, 0.2878882586956024, 0.2876368463039398, 0.2874470055103302, 0.28722700476646423, 0.2868628203868866, 0.28688210248947144, 0.2866344153881073, 0.2864629924297333, 0.2863667607307434, 0.2862499952316284, 0.2861580550670624, 0.2860100269317627, 0.2858564257621765, 0.28583255410194397, 0.2857332229614258, 0.2855501174926758, 0.2854987382888794, 0.2851851284503937, 0.2849867641925812, 0.284817099571228, 0.2849161922931671, 0.2847084403038025, 0.28462496399879456, 0.284427285194397, 0.2842465341091156, 0.28417637944221497, 0.2840691804885864, 0.2839430272579193, 0.2837188243865967, 0.28370144963264465, 0.2836468517780304, 0.2836356461048126, 0.28344494104385376, 0.2833685278892517, 0.28338345885276794, 0.2833458185195923, 0.283316045999527, 0.2830561101436615, 0.2831372320652008, 0.28300535678863525, 0.28279909491539, 0.28293532133102417, 0.28260958194732666, 0.2824772298336029, 0.28258466720581055, 0.2827233672142029, 0.2825583517551422, 0.282455176115036, 0.2824461758136749, 0.2822478413581848, 0.28221023082733154, 0.2822701036930084, 0.28204789757728577, 0.2821073830127716, 0.2819119989871979, 0.28196999430656433, 0.2818756401538849, 0.28188517689704895, 0.28175199031829834, 0.28171011805534363, 0.28180280327796936, 0.2816552221775055], "val_loss": [0.1402280628681183, 0.1451026350259781, 0.1476433277130127, 0.13815534114837646, 0.14660468697547913, 0.145249605178833, 0.14905065298080444, 0.13922624289989471, 0.14382414519786835, 0.14070142805576324, 0.1411312222480774, 0.13837406039237976, 0.142294242978096, 0.14303134381771088, 0.13898159563541412, 0.13792821764945984, 0.14177922904491425, 0.13955536484718323, 0.15095335245132446, 0.1455332338809967, 0.1458664834499359, 0.14417706429958344, 0.14932693541049957, 0.14076538383960724, 0.14226219058036804, 0.1370033472776413, 0.14544939994812012, 0.14240196347236633, 0.14333511888980865, 0.13949039578437805, 0.15206626057624817, 0.14356382191181183, 0.13887666165828705, 0.14543376863002777, 0.14560566842556, 0.1460588127374649, 0.1472650170326233, 0.15205080807209015, 0.14942850172519684, 0.1429382860660553, 0.15411707758903503, 0.14359809458255768, 0.14900082349777222, 0.15136496722698212, 0.1497591882944107, 0.14755713939666748, 0.14559634029865265, 0.14592154324054718, 0.1501341462135315, 0.14843100309371948, 0.15720444917678833, 0.15971562266349792, 0.1453561782836914, 0.14830957353115082, 0.1424255669116974, 0.14524848759174347, 0.146596297621727, 0.1452977955341339, 0.15158586204051971, 0.1454119086265564, 0.14755083620548248, 0.14941008388996124, 0.1471247673034668, 0.1503339409828186, 0.15072011947631836, 0.15087567269802094, 0.14921094477176666, 0.1452731192111969, 0.14663700759410858, 0.15668390691280365, 0.14116905629634857, 0.15649929642677307, 0.13928499817848206, 0.15519402921199799, 0.15679676830768585, 0.1487235128879547], "val_MAE": [0.3047310411930084, 0.3053271174430847, 0.30833977460861206, 0.29914748668670654, 0.30791422724723816, 0.3058052957057953, 0.31014174222946167, 0.30007174611091614, 0.30449268221855164, 0.3016833961009979, 0.30198416113853455, 0.2996132969856262, 0.3030496835708618, 0.3024238348007202, 0.29938530921936035, 0.2986065745353699, 0.30153757333755493, 0.29939255118370056, 0.3102404773235321, 0.3043007254600525, 0.3056740462779999, 0.30428487062454224, 0.3087504506111145, 0.30058613419532776, 0.30206790566444397, 0.29687970876693726, 0.3046221137046814, 0.301350474357605, 0.30318117141723633, 0.29940396547317505, 0.3110177218914032, 0.30266404151916504, 0.2982817590236664, 0.304756760597229, 0.30535244941711426, 0.30567649006843567, 0.30677589774131775, 0.31148895621299744, 0.3091071844100952, 0.3022397458553314, 0.3132123351097107, 0.30346572399139404, 0.3085268437862396, 0.3107872009277344, 0.30969080328941345, 0.30769801139831543, 0.305515319108963, 0.30511701107025146, 0.31043505668640137, 0.3077998459339142, 0.3174198567867279, 0.3197929263114929, 0.30511805415153503, 0.3082816004753113, 0.3022145628929138, 0.3050132095813751, 0.3058197498321533, 0.3050968050956726, 0.3122658431529999, 0.30519112944602966, 0.3070739209651947, 0.3092021942138672, 0.3077140152454376, 0.31145599484443665, 0.3112531006336212, 0.31178292632102966, 0.3087307810783386, 0.3054119646549225, 0.30609622597694397, 0.31856903433799744, 0.30088457465171814, 0.31698617339134216, 0.2987726032733917, 0.31527820229530334, 0.3172491192817688, 0.30863332748413086]}