{"loss": [0.02182549051940441, 0.01045494806021452, 0.009894906543195248, 0.008897899650037289, 0.007689237128943205, 0.007219168823212385, 0.006959664169698954, 0.006761988624930382, 0.0066006057895720005, 0.006479665637016296, 0.006336006335914135, 0.006286571267992258, 0.0061895959079265594, 0.0061126938089728355, 0.006053530611097813, 0.00598845025524497, 0.005922386422753334, 0.005843654740601778, 0.00574524188414216, 0.005673134233802557, 0.005571894347667694, 0.005493017379194498, 0.00542988907545805, 0.005384878721088171, 0.005334835033863783, 0.005308351945132017, 0.0052763791754841805, 0.005246184300631285, 0.005226498935371637, 0.005206972826272249, 0.005187767092138529, 0.005167068913578987, 0.005155129823833704, 0.00514625059440732, 0.005123480223119259, 0.005094780120998621, 0.005026646889746189, 0.004938565660268068, 0.004720780532807112, 0.004531129263341427, 0.00441329600289464, 0.004305047448724508, 0.004223959054797888, 0.00420448137447238, 0.004164202604442835, 0.004132922273129225, 0.0041112410835921764, 0.00409328006207943, 0.004071385134011507, 0.004093929659575224, 0.004025300964713097, 0.004048434551805258, 0.004096168093383312, 0.004003866109997034, 0.003993995953351259, 0.00398641312494874, 0.003984843846410513, 0.0039673540741205215, 0.003962942399084568, 0.003955497406423092, 0.003939131740480661, 0.003932532854378223, 0.003926517907530069, 0.00391809456050396, 0.003903682343661785, 0.003906419035047293, 0.0039050381164997816, 0.0038873672019690275, 0.0038906922563910484], "MAE": [0.13624224066734314, 0.11087089776992798, 0.10795597732067108, 0.1027216985821724, 0.09565167874097824, 0.09259933233261108, 0.09090796858072281, 0.08957891911268234, 0.08853491395711899, 0.08766838908195496, 0.08669379353523254, 0.08628284931182861, 0.08559975773096085, 0.08501684665679932, 0.08459124714136124, 0.08415281772613525, 0.08363527059555054, 0.08308152854442596, 0.08244231343269348, 0.08190175145864487, 0.08118610084056854, 0.08063922822475433, 0.08017715066671371, 0.07980843633413315, 0.07947205752134323, 0.07927688211202621, 0.07899019867181778, 0.07878424227237701, 0.07862112671136856, 0.07844897359609604, 0.07830651849508286, 0.07813148945569992, 0.07804188132286072, 0.07798709720373154, 0.07780212163925171, 0.07758165150880814, 0.07709302008152008, 0.0765170231461525, 0.07494417577981949, 0.07351559400558472, 0.07261030375957489, 0.07173821330070496, 0.07108112424612045, 0.07091732323169708, 0.07058597356081009, 0.07030544430017471, 0.07012785226106644, 0.06997837871313095, 0.06977660208940506, 0.06997013837099075, 0.06938979029655457, 0.06957858055830002, 0.06993459165096283, 0.06918439269065857, 0.06910665333271027, 0.06906158477067947, 0.06904265284538269, 0.06887457519769669, 0.06883586943149567, 0.06876274198293686, 0.0686042383313179, 0.06855335086584091, 0.06853630393743515, 0.0684499517083168, 0.06831814348697662, 0.06832394003868103, 0.06828535348176956, 0.06815288215875626, 0.06818525493144989], "val_loss": [0.01094488613307476, 0.009792139753699303, 0.011635308153927326, 0.007924982346594334, 0.006895779632031918, 0.0066171083599328995, 0.007744999602437019, 0.008121448568999767, 0.009384053759276867, 0.006741215009242296, 0.012642000801861286, 0.007723845541477203, 0.0075205666944384575, 0.010959045961499214, 0.01087570283561945, 0.008203808218240738, 0.007061519660055637, 0.006276340689510107, 0.008717085234820843, 0.011523744091391563, 0.008030829951167107, 0.006915698293596506, 0.007464359514415264, 0.006264839321374893, 0.00915879663079977, 0.007576086092740297, 0.00706150196492672, 0.009281528182327747, 0.007311866153031588, 0.006832768674939871, 0.006513513159006834, 0.00729480292648077, 0.00796735379844904, 0.008548247627913952, 0.007079602684825659, 0.006101981271058321, 0.004946082830429077, 0.006552994716912508, 0.004422666039317846, 0.004890041891485453, 0.004743343684822321, 0.004479997791349888, 0.0046081808395683765, 0.0049665928818285465, 0.004174450878053904, 0.0046343449503183365, 0.004826818127185106, 0.0044005028903484344, 0.0038819145411252975, 0.00413891626521945, 0.004601075779646635, 0.004275269340723753, 0.004116571042686701, 0.004910620395094156, 0.004067844245582819, 0.004889756441116333, 0.004449819680303335, 0.004107743967324495, 0.004065154120326042, 0.0040880125015974045, 0.004383923951536417, 0.004694424103945494, 0.004039868712425232, 0.00409691920503974, 0.004280205816030502, 0.0039902240969240665, 0.005189207848161459, 0.003973042592406273, 0.004498792812228203], "val_MAE": [0.11334139853715897, 0.10738357156515121, 0.11553232371807098, 0.09705278277397156, 0.08927556872367859, 0.08734976500272751, 0.09381699562072754, 0.09609604626893997, 0.10470438748598099, 0.08833083510398865, 0.12089728564023972, 0.09366752207279205, 0.09246843308210373, 0.11309343576431274, 0.11207135021686554, 0.09653247147798538, 0.08927235752344131, 0.08490144461393356, 0.1010415330529213, 0.11770880222320557, 0.09714046120643616, 0.0904771164059639, 0.09436871111392975, 0.08518461138010025, 0.10461178421974182, 0.09419643133878708, 0.09051666408777237, 0.10405600070953369, 0.09221408516168594, 0.08934760093688965, 0.08727523684501648, 0.09262634068727493, 0.09660300612449646, 0.09971891343593597, 0.09122443944215775, 0.08513791114091873, 0.07729483395814896, 0.08822620660066605, 0.07336171716451645, 0.0760938823223114, 0.07495603710412979, 0.07296867668628693, 0.07354399561882019, 0.07745212316513062, 0.0710979476571083, 0.07419891655445099, 0.07633569836616516, 0.07250608503818512, 0.06797127425670624, 0.0707780122756958, 0.07477477192878723, 0.07175509631633759, 0.07031689584255219, 0.07690704613924026, 0.06975454837083817, 0.07726576924324036, 0.07315247505903244, 0.07015429437160492, 0.07024236768484116, 0.0700024887919426, 0.07309894263744354, 0.07527733594179153, 0.06957054883241653, 0.06980235874652863, 0.07197722047567368, 0.0692770853638649, 0.07943668216466904, 0.0688650831580162, 0.07349536567926407]}