{"loss": [0.15860484540462494, 0.0609000138938427, 0.06005033105611801, 0.05931612476706505, 0.058511920273303986, 0.05812958627939224, 0.05785722658038139, 0.05752226337790489, 0.0573769174516201, 0.05716046318411827, 0.05704545974731445, 0.05682782456278801, 0.05667410045862198, 0.056576188653707504, 0.05646594613790512, 0.056400366127491, 0.056314557790756226, 0.05631977319717407, 0.05627843737602234, 0.05617307499051094, 0.05612264573574066, 0.056104835122823715, 0.05610913783311844, 0.05604308098554611, 0.05601407587528229, 0.05602557957172394, 0.055953964591026306, 0.05596604198217392, 0.055914636701345444, 0.05586640536785126, 0.055909790098667145, 0.055854883044958115, 0.05581806227564812, 0.05581838637590408, 0.05579550191760063, 0.055778052657842636, 0.055798787623643875, 0.05576077476143837, 0.05573364719748497, 0.055745746940374374, 0.055737752467393875, 0.055714305490255356, 0.055707063525915146, 0.055726293474435806, 0.0556718111038208, 0.05568917468190193, 0.05567885562777519, 0.05562412366271019, 0.05559506639838219, 0.055659838020801544, 0.0556182898581028, 0.055659789592027664, 0.05561882257461548, 0.05560332536697388, 0.055557094514369965, 0.055553238838911057, 0.05558927729725838, 0.055563896894454956, 0.0555604062974453, 0.055514588952064514, 0.055542197078466415, 0.05553463101387024, 0.05554847791790962, 0.055493514984846115, 0.055510636419057846, 0.055491186678409576, 0.05550805851817131, 0.055494051426649094, 0.05549009516835213, 0.05547906458377838, 0.05550795793533325, 0.055455781519412994, 0.05546174570918083, 0.05541998893022537, 0.055440302938222885, 0.05542965233325958, 0.05546049028635025, 0.05541197210550308, 0.055406928062438965, 0.055349595844745636, 0.055391825735569, 0.055373165756464005, 0.05539023503661156, 0.05537417531013489, 0.05532363802194595, 0.05535104125738144, 0.055360667407512665, 0.05532557889819145, 0.05528578534722328, 0.05528411641716957, 0.055249009281396866, 0.05524423345923424, 0.05525236576795578, 0.055199701339006424, 0.055210523307323456, 0.05518999695777893, 0.05518554151058197, 0.05516599863767624, 0.05515575781464577, 0.0551488995552063, 0.055128052830696106, 0.055138491094112396, 0.05510542541742325, 0.055082209408283234], "MAE": [0.27816182374954224, 0.19425030052661896, 0.1928432583808899, 0.19155815243721008, 0.19002370536327362, 0.18937458097934723, 0.18886137008666992, 0.18827369809150696, 0.18794308602809906, 0.18746007978916168, 0.18724855780601501, 0.18679490685462952, 0.18650999665260315, 0.18628115952014923, 0.1860659420490265, 0.18591392040252686, 0.18571029603481293, 0.18574830889701843, 0.18567083775997162, 0.18543641269207, 0.18534551560878754, 0.18534031510353088, 0.18535974621772766, 0.18519289791584015, 0.18514609336853027, 0.18515726923942566, 0.1849871724843979, 0.18501800298690796, 0.18495316803455353, 0.1848239302635193, 0.18493716418743134, 0.18477191030979156, 0.18474538624286652, 0.18473252654075623, 0.18465735018253326, 0.1846717894077301, 0.1847286969423294, 0.184636190533638, 0.18453460931777954, 0.18457813560962677, 0.18454690277576447, 0.1845122128725052, 0.18447425961494446, 0.1845225691795349, 0.18442954123020172, 0.1844548135995865, 0.18441450595855713, 0.184310644865036, 0.18426638841629028, 0.18435949087142944, 0.18431033194065094, 0.18439316749572754, 0.1842881739139557, 0.18427962064743042, 0.1841590255498886, 0.18415433168411255, 0.1842292696237564, 0.18417544662952423, 0.1841854304075241, 0.18406318128108978, 0.1841481328010559, 0.18410585820674896, 0.18415337800979614, 0.18404947221279144, 0.18407034873962402, 0.18404972553253174, 0.18405726552009583, 0.1840115636587143, 0.18400342762470245, 0.18401548266410828, 0.18404340744018555, 0.18393868207931519, 0.18394698202610016, 0.18384741246700287, 0.18390290439128876, 0.1838671714067459, 0.1839338093996048, 0.18383195996284485, 0.1837950050830841, 0.18372498452663422, 0.18377923965454102, 0.18371403217315674, 0.18376773595809937, 0.1837639957666397, 0.18364529311656952, 0.18372218310832977, 0.1837148666381836, 0.18364466726779938, 0.1835838407278061, 0.18355350196361542, 0.18346571922302246, 0.1835133135318756, 0.18345993757247925, 0.1833694577217102, 0.18337686359882355, 0.18338051438331604, 0.18334662914276123, 0.1832922399044037, 0.18328022956848145, 0.18324829638004303, 0.1831853687763214, 0.18327543139457703, 0.1831754595041275, 0.18311673402786255], "val_loss": [0.0671171173453331, 0.0683920606970787, 0.06982551515102386, 0.06816451996564865, 0.06560929864645004, 0.07516514509916306, 0.06128329783678055, 0.0628003478050232, 0.06019597873091698, 0.06409629434347153, 0.06608530879020691, 0.06522221863269806, 0.06646223366260529, 0.0645543709397316, 0.06532001495361328, 0.06353987008333206, 0.06913133710622787, 0.06321520358324051, 0.06594644486904144, 0.06563063710927963, 0.06552191823720932, 0.06337026506662369, 0.06339564919471741, 0.06792423129081726, 0.06939888000488281, 0.06610894948244095, 0.07048047333955765, 0.06515712291002274, 0.06568125635385513, 0.06587933003902435, 0.0672779530286789, 0.06429801136255264, 0.06504367291927338, 0.07121499627828598, 0.06649883836507797, 0.0632726401090622, 0.0665770024061203, 0.06787801533937454, 0.06479649245738983, 0.06566759198904037, 0.06310609728097916, 0.06906053423881531, 0.07109479606151581, 0.06759883463382721, 0.0661790668964386, 0.06609728187322617, 0.06500757485628128, 0.065937839448452, 0.06395413726568222, 0.06535399705171585, 0.06451383978128433, 0.0651060938835144, 0.06537745893001556, 0.06234641745686531, 0.06760470569133759, 0.06259138882160187, 0.0646364837884903, 0.06741943210363388, 0.06957744807004929, 0.06922092288732529, 0.06499142199754715, 0.0686652660369873, 0.0628073513507843, 0.06465349346399307, 0.06591468304395676, 0.06584300845861435, 0.06726972758769989, 0.07075962424278259, 0.06260281801223755, 0.07117031514644623, 0.06470385938882828, 0.06269718706607819, 0.06237305328249931, 0.06429240852594376, 0.0625092163681984, 0.06371740251779556, 0.06882327049970627, 0.06673572212457657, 0.06413400173187256, 0.06801340728998184, 0.06350000947713852, 0.06284273415803909, 0.06345131248235703, 0.0669471025466919, 0.06288298964500427, 0.06536313891410828, 0.062487076967954636, 0.0667501837015152, 0.06746421009302139, 0.06655599176883698, 0.06783169507980347, 0.06627639383077621, 0.06734658777713776, 0.06397688388824463, 0.06833930313587189, 0.06833501160144806, 0.069056436419487, 0.06875386089086533, 0.06919623166322708, 0.06648366898298264, 0.06855017691850662, 0.06572498381137848, 0.06967572867870331, 0.0677579939365387],