{"loss": [0.5207918882369995, 0.04000197723507881, 0.029237478971481323, 0.028807317838072777, 0.02863318659365177, 0.028510095551609993, 0.028707293793559074, 0.028267908841371536, 0.02803637459874153, 0.02784392051398754, 0.02784418687224388, 0.02774764411151409, 0.02758963219821453, 0.027732646092772484, 0.027477530762553215, 0.02749975025653839, 0.027390576899051666, 0.027385544031858444, 0.02734176442027092, 0.027330005541443825, 0.027301348745822906, 0.027317307889461517, 0.027241175994277, 0.027115384116768837, 0.027171622961759567, 0.02711905725300312, 0.027213336899876595, 0.027146661654114723, 0.02708311192691326, 0.027074499055743217, 0.027085723355412483, 0.026988448575139046, 0.026923518627882004, 0.02698318473994732, 0.026958642527461052, 0.02703270874917507, 0.02686977945268154, 0.02690625563263893, 0.02677699364721775, 0.02689393423497677, 0.026848910376429558, 0.026802711188793182, 0.02683860808610916, 0.026767902076244354, 0.026612233370542526, 0.026679299771785736, 0.026654131710529327, 0.026704998686909676, 0.0266399085521698, 0.026638388633728027, 0.026559261605143547, 0.02662752941250801, 0.026702754199504852, 0.02658112347126007, 0.0265599824488163, 0.0266021266579628, 0.02661806344985962, 0.02652289904654026, 0.026570584625005722, 0.026376619935035706, 0.02650054171681404, 0.026411360129714012, 0.026538453996181488, 0.02658204920589924, 0.0264428723603487, 0.026459746062755585, 0.0264591071754694, 0.02654203400015831, 0.026463709771633148, 0.026515964418649673, 0.026396404951810837, 0.026442471891641617, 0.026452161371707916, 0.02650529332458973, 0.026440894231200218, 0.02641511894762516, 0.02641487494111061, 0.026424681767821312, 0.02637999691069126, 0.026485402137041092, 0.02645636536180973, 0.026309192180633545, 0.026447059586644173, 0.026409629732370377, 0.026352418586611748, 0.026523128151893616, 0.02635645493865013, 0.02640496753156185, 0.026431286707520485, 0.026422739028930664, 0.026464151218533516, 0.026368536055088043], "MAE": [0.5924366116523743, 0.1535726934671402, 0.1323326677083969, 0.13130296766757965, 0.13068005442619324, 0.13024650514125824, 0.1306929588317871, 0.12943688035011292, 0.1287655532360077, 0.1282743662595749, 0.1282913237810135, 0.1279962658882141, 0.12767653167247772, 0.12811347842216492, 0.12743543088436127, 0.1273326277732849, 0.12706348299980164, 0.1270933896303177, 0.12703314423561096, 0.12698137760162354, 0.12687800824642181, 0.1269233524799347, 0.12675504386425018, 0.12642736732959747, 0.12659676373004913, 0.12645815312862396, 0.1267608106136322, 0.12640224397182465, 0.1263492852449417, 0.12621010839939117, 0.1263025999069214, 0.12598812580108643, 0.12582068145275116, 0.12601682543754578, 0.1258951723575592, 0.1261581927537918, 0.12563243508338928, 0.1257701814174652, 0.12536682188510895, 0.1258033663034439, 0.12556512653827667, 0.1255192905664444, 0.12561534345149994, 0.1252618432044983, 0.12494543194770813, 0.12515753507614136, 0.12504205107688904, 0.125271737575531, 0.12508012354373932, 0.12500904500484467, 0.12478020042181015, 0.12491746246814728, 0.12519262731075287, 0.12482571601867676, 0.12482103705406189, 0.12493795901536942, 0.12497874349355698, 0.12471315264701843, 0.12481344491243362, 0.1242816373705864, 0.12459501624107361, 0.12437206506729126, 0.12467549741268158, 0.1248364970088005, 0.12450826913118362, 0.12455729395151138, 0.12443210184574127, 0.12476381659507751, 0.12459245324134827, 0.12465143948793411, 0.12434224784374237, 0.12445096671581268, 0.12444815039634705, 0.1246584951877594, 0.12442729622125626, 0.12445175647735596, 0.12434611469507217, 0.12438442558050156, 0.12431512027978897, 0.12454992532730103, 0.12449140101671219, 0.123919777572155, 0.12449674308300018, 0.12436425685882568, 0.12415583431720734, 0.12481169402599335, 0.1242259293794632, 0.1243617981672287, 0.12434196472167969, 0.12441135197877884, 0.12446753680706024, 0.12422225624322891], "val_loss": [0.1808096021413803, 0.028038127347826958, 0.027373123914003372, 0.028571588918566704, 0.02760612964630127, 0.027687696740031242, 0.027372606098651886, 0.02768275886774063, 0.027535391971468925, 0.028098370879888535, 0.0295228473842144, 0.02800630033016205, 0.02756403386592865, 0.030573518946766853, 0.02755984477698803, 0.029234929010272026, 0.027469376102089882, 0.028907565400004387, 0.029951319098472595, 0.029763352125883102, 0.02998495288193226, 0.028075888752937317, 0.028098786249756813, 0.030796825885772705, 0.028814788907766342, 0.029279252514243126, 0.028145870193839073, 0.027815761044621468, 0.02843201346695423, 0.029877396300435066, 0.028962071985006332, 0.027933577075600624, 0.029137974604964256, 0.028759965673089027, 0.03136502206325531, 0.029046200215816498, 0.03081808052957058, 0.02874726429581642, 0.029074914753437042, 0.03034302219748497, 0.027757767587900162, 0.026955464854836464, 0.028304267674684525, 0.028863785788416862, 0.02949322573840618, 0.029088586568832397, 0.02783353440463543, 0.028942037373781204, 0.03072207234799862, 0.027924813330173492, 0.02784917689859867, 0.029813043773174286, 0.028004944324493408, 0.02787448652088642, 0.02808574214577675, 0.029014457017183304, 0.028938576579093933, 0.028638876974582672, 0.029814153909683228, 0.03120778128504753, 0.028136437758803368, 0.02774006687104702, 0.028416818007826805, 0.0294243972748518, 0.03251645714044571, 0.03084077127277851, 0.029483813792467117, 0.028545185923576355, 0.0278154406696558, 0.028022833168506622, 0.02699558436870575, 0.031436506658792496, 0.03027465008199215, 0.02860886976122856, 0.02817428670823574, 0.027934947982430458, 0.02855997160077095, 0.02789020538330078, 0.02879214659333229, 0.02825888618826866, 0.03158540651202202, 0.02843727171421051, 0.02810540981590748, 0.02966359443962574, 0.028854135423898697, 0.027475610375404358, 0.030906563624739647, 0.029596757143735886, 0.029009781777858734, 0.028957903385162354, 0.03128001466393471, 0.029107175767421722], "val_MAE": [0.36274266242980957, 0.12750568985939026, 0.12678146362304688, 0.1293923258781433, 0.1275709569454193, 0.12859754264354706, 0.12702901661396027, 0.12973253428936005, 0.12883082032203674, 0.13170523941516876, 0.13644962012767792, 0.13109275698661804, 0.12905026972293854, 0.13904115557670593, 0.12889942526817322, 0.13534410297870636, 0.1278706043958664, 0.13379289209842682, 0.13531482219696045, 0.13656896352767944, 0.13712479174137115, 0.13031503558158875, 0.1310504823923111, 0.13919688761234283, 0.13291826844215393, 0.1359660029411316, 0.13016283512115479, 0.12944696843624115, 0.13181167840957642, 0.13478891551494598, 0.13268440961837769, 0.1307721585035324, 0.13262149691581726, 0.13285234570503235, 0.13851816952228546, 0.13366781175136566, 0.13777805864810944, 0.13164575397968292, 0.1341005116701126, 0.13620725274085999, 0.13058261573314667, 0.12723194062709808, 0.131522074341774, 0.13314104080200195, 0.13370484113693237, 0.13388368487358093, 0.13023126125335693, 0.1325472593307495, 0.13807480037212372, 0.13072086870670319, 0.128973126411438, 0.13683947920799255, 0.1300109326839447, 0.1302381306886673, 0.13151882588863373, 0.13356761634349823, 0.13570737838745117, 0.13156071305274963, 0.1359879970550537, 0.1395988166332245, 0.13044969737529755, 0.1295788437128067, 0.13010559976100922, 0.13530011475086212, 0.14204639196395874, 0.13886235654354095, 0.13574478030204773, 0.13183501362800598, 0.1299002468585968, 0.1308548003435135, 0.12684540450572968, 0.14098043739795685, 0.13760165870189667, 0.13230150938034058, 0.13070788979530334, 0.13024894893169403, 0.13280774652957916, 0.13035741448402405, 0.13230568170547485, 0.13276396691799164, 0.14006869494915009, 0.1313692182302475, 0.1302582174539566, 0.1357012689113617, 0.13279594480991364, 0.12820756435394287, 0.13893146812915802, 0.13512232899665833, 0.13421615958213806, 0.13269230723381042, 0.1402352899312973, 0.1342579573392868]}