{"loss": [0.5832496881484985, 0.08687993884086609, 0.009359437972307205, 0.009181930683553219, 0.009053117595613003, 0.008882765658199787, 0.00841454416513443, 0.007868572138249874, 0.007765498012304306, 0.007638119161128998, 0.007492732722312212, 0.007337869610637426, 0.0072402204386889935, 0.007027131970971823, 0.006836392916738987, 0.006776993628591299, 0.006626671180129051, 0.006559937726706266, 0.006501108407974243, 0.006427306681871414, 0.006352098658680916, 0.006326195318251848, 0.006276428233832121, 0.006241214461624622, 0.006173679605126381, 0.006138356868177652, 0.006075612735003233, 0.006042515859007835, 0.0059639327228069305, 0.005901162512600422, 0.005834938492625952, 0.005786918103694916, 0.005725605878978968, 0.0056342193856835365, 0.005579845048487186, 0.005559425335377455, 0.0054512619972229, 0.005446301307529211, 0.005369757767766714, 0.00533529045060277, 0.005309020634740591, 0.0052772024646401405, 0.005242431070655584, 0.005244767758995295, 0.005218700040131807, 0.005217946600168943, 0.005206071771681309, 0.00516932737082243, 0.005175611935555935, 0.00514801312237978, 0.005142251029610634, 0.005127656739205122, 0.00512843020260334, 0.005101521033793688, 0.005107879638671875, 0.0050932797603309155, 0.005091714207082987, 0.005072494503110647, 0.005052405409514904, 0.005065921228379011, 0.005041332449764013], "MAE": [0.9999999403953552, 0.2348284125328064, 0.10395709425210953, 0.10287395119667053, 0.10218110680580139, 0.1014762595295906, 0.09893279522657394, 0.09568225592374802, 0.09508737176656723, 0.09429920464754105, 0.0934247300028801, 0.09254700690507889, 0.09202893078327179, 0.09064152836799622, 0.08941725641489029, 0.08901600539684296, 0.08803887665271759, 0.08763161301612854, 0.08721847832202911, 0.08669622987508774, 0.08617047965526581, 0.08596675097942352, 0.08558092266321182, 0.08533665537834167, 0.08482842892408371, 0.0846325010061264, 0.0842086523771286, 0.08400005102157593, 0.08346779644489288, 0.08309581130743027, 0.0825795978307724, 0.08225488662719727, 0.08184335380792618, 0.08120480924844742, 0.08077304810285568, 0.08069118857383728, 0.0799599438905716, 0.07997851073741913, 0.0793677270412445, 0.07909540086984634, 0.07894882559776306, 0.07870279997587204, 0.07844089716672897, 0.07845719158649445, 0.07826849818229675, 0.07827352732419968, 0.07819485664367676, 0.07790568470954895, 0.07797738164663315, 0.0777885690331459, 0.07773590087890625, 0.07757167518138885, 0.07759038358926773, 0.07737971842288971, 0.07740814238786697, 0.07728491723537445, 0.07729114592075348, 0.07716324925422668, 0.0769692212343216, 0.07704872637987137, 0.07688731700181961], "val_loss": [0.5832499861717224, 0.009561383165419102, 0.008994357660412788, 0.008651218377053738, 0.008596803061664104, 0.008550403639674187, 0.00766777852550149, 0.007657169364392757, 0.007652388885617256, 0.007581950165331364, 0.007057525217533112, 0.00703079579398036, 0.006650809198617935, 0.006422707810997963, 0.007141117937862873, 0.006775455083698034, 0.0062057082541286945, 0.008054085075855255, 0.006341347936540842, 0.006585579365491867, 0.0070844185538589954, 0.006501232739537954, 0.006451071240007877, 0.007119012996554375, 0.006585925817489624, 0.005909045692533255, 0.006307255011051893, 0.007997531443834305, 0.006239005830138922, 0.0072286794893443584, 0.006038130726665258, 0.007965028285980225, 0.006814457941800356, 0.007124520838260651, 0.005781329236924648, 0.008082120679318905, 0.007124357391148806, 0.006197753362357616, 0.006865738425403833, 0.006277238950133324, 0.00526782963424921, 0.0069147138856351376, 0.00537533825263381, 0.005646010395139456, 0.006569537799805403, 0.007022802717983723, 0.0058591365814208984, 0.006061319261789322, 0.006540136877447367, 0.0066200434230268, 0.006495137233287096, 0.006752466317266226, 0.00671139033511281, 0.006746065337210894, 0.005988830700516701, 0.005498069804161787, 0.006650176364928484, 0.006687407847493887, 0.00644339295104146, 0.0058470191434025764, 0.0060093095526099205], "val_MAE": [1.0000003576278687, 0.10463246703147888, 0.10130738466978073, 0.0997961163520813, 0.0994161069393158, 0.09923862665891647, 0.09436076134443283, 0.09359364956617355, 0.09461283683776855, 0.0938163474202156, 0.09173373878002167, 0.09009954333305359, 0.08838242292404175, 0.08608375489711761, 0.09009965509176254, 0.08792196214199066, 0.08529822528362274, 0.09567305445671082, 0.08635485172271729, 0.08641619980335236, 0.09008960425853729, 0.08653093129396439, 0.0851542130112648, 0.08904783427715302, 0.08773722499608994, 0.08230371028184891, 0.08476287126541138, 0.0953122079372406, 0.08486856520175934, 0.0904335305094719, 0.08358682692050934, 0.09539829194545746, 0.08919300138950348, 0.09056957066059113, 0.081824891269207, 0.09676805138587952, 0.0899539515376091, 0.08501758426427841, 0.0894458144903183, 0.08554068952798843, 0.07917933911085129, 0.08945570886135101, 0.07930786162614822, 0.08149535953998566, 0.08731232583522797, 0.0899130254983902, 0.0823497325181961, 0.08374130725860596, 0.08680252730846405, 0.08744286000728607, 0.08605480194091797, 0.08831440657377243, 0.08837618678808212, 0.08841174095869064, 0.08375214040279388, 0.08046367019414902, 0.08784222602844238, 0.08762612193822861, 0.08633890748023987, 0.08250758051872253, 0.0836167111992836]}