{"loss": [0.036447566002607346, 0.019612781703472137, 0.018905943259596825, 0.018575573340058327, 0.018122171983122826, 0.017940375953912735, 0.017725031822919846, 0.017566967755556107, 0.017348637804389, 0.017216457054018974, 0.01701655425131321, 0.016737330704927444, 0.01645785942673683, 0.01622534915804863, 0.01602581888437271, 0.015896884724497795, 0.015819555148482323, 0.01566680148243904, 0.015595865435898304, 0.015479732304811478, 0.015418210998177528, 0.015346221625804901, 0.015283473767340183, 0.0152758052572608, 0.015142365358769894, 0.015081907622516155, 0.015041970647871494, 0.01496293768286705, 0.014924120157957077, 0.01487746648490429, 0.01480712927877903, 0.014764009974896908, 0.014772452414035797, 0.014730137772858143, 0.014690614305436611, 0.014658134430646896, 0.014647258445620537, 0.014657044783234596, 0.014619446359574795, 0.01457972638309002, 0.014570808038115501, 0.014561164192855358, 0.014568314887583256, 0.014531375840306282, 0.014483680948615074], "MAE": [0.1876874715089798, 0.15403296053409576, 0.15111084282398224, 0.14958862960338593, 0.1477348506450653, 0.14674943685531616, 0.14586791396141052, 0.14522776007652283, 0.14424167573451996, 0.14356008172035217, 0.1426529437303543, 0.14115336537361145, 0.1398898959159851, 0.13873636722564697, 0.13788411021232605, 0.13716265559196472, 0.13688112795352936, 0.13614852726459503, 0.1358807533979416, 0.1353996843099594, 0.13509522378444672, 0.13480491936206818, 0.13450555503368378, 0.1344224065542221, 0.13387739658355713, 0.13358332216739655, 0.13342025876045227, 0.13307005167007446, 0.13287964463233948, 0.13265758752822876, 0.13235972821712494, 0.13215503096580505, 0.13216173648834229, 0.13196639716625214, 0.1318410038948059, 0.1316264569759369, 0.13157053291797638, 0.1316841095685959, 0.13145504891872406, 0.13126131892204285, 0.13126561045646667, 0.13111692667007446, 0.13123872876167297, 0.13108155131340027, 0.1307993233203888], "val_loss": [0.018610071390867233, 0.019222166389226913, 0.01704276166856289, 0.01718391850590706, 0.016590271145105362, 0.01666175201535225, 0.016743384301662445, 0.016293812543153763, 0.016091784462332726, 0.017861129716038704, 0.015928354114294052, 0.015983588993549347, 0.016822198405861855, 0.017260700464248657, 0.016716066747903824, 0.016088668256998062, 0.0165405310690403, 0.016965584829449654, 0.01642303541302681, 0.015704825520515442, 0.016031423583626747, 0.015639329329133034, 0.01755361817777157, 0.01686209999024868, 0.01505985762923956, 0.015656661242246628, 0.01596726104617119, 0.015620826743543148, 0.016741005703806877, 0.01648160256445408, 0.015599611215293407, 0.01608145795762539, 0.016270890831947327, 0.01629960723221302, 0.016082538291811943, 0.016108490526676178, 0.016080323606729507, 0.01634812541306019, 0.01633305661380291, 0.016476236283779144, 0.0157618448138237, 0.016538795083761215, 0.016084671020507812, 0.01641094870865345, 0.016165534034371376], "val_MAE": [0.1494450867176056, 0.15237051248550415, 0.14335161447525024, 0.14229822158813477, 0.14097656309604645, 0.14056804776191711, 0.14160363376140594, 0.13952146470546722, 0.139717236161232, 0.1481255739927292, 0.138949915766716, 0.13977248966693878, 0.14486472308635712, 0.14912709593772888, 0.14582513272762299, 0.14255958795547485, 0.14578410983085632, 0.1473560780286789, 0.14438983798027039, 0.14136432111263275, 0.14334049820899963, 0.13980476558208466, 0.15140210092067719, 0.14935891330242157, 0.13751642405986786, 0.14141646027565002, 0.14355601370334625, 0.14067257940769196, 0.1487894356250763, 0.1471211463212967, 0.14127559959888458, 0.14438281953334808, 0.14538396894931793, 0.14560037851333618, 0.14129750430583954, 0.14463482797145844, 0.14424346387386322, 0.1455834060907364, 0.14487102627754211, 0.14642050862312317, 0.1427440494298935, 0.14695711433887482, 0.14464408159255981, 0.14614368975162506, 0.1453348994255066]}