{"loss": [0.052342381328344345, 0.03422662615776062, 0.03360152989625931, 0.03299525007605553, 0.03263375535607338, 0.032435398548841476, 0.03189905732870102, 0.031352534890174866, 0.030662240460515022, 0.030348533764481544, 0.03018374741077423, 0.029849408194422722, 0.029331384226679802, 0.02870737388730049, 0.028591247275471687, 0.02831009216606617, 0.02819296531379223, 0.028078990057110786, 0.028037169948220253, 0.027917860075831413, 0.02787824161350727, 0.027791481465101242, 0.027767479419708252, 0.02770921029150486, 0.02768413908779621, 0.02761041559278965, 0.02752852253615856, 0.027473898604512215, 0.027485955506563187, 0.02740950509905815, 0.027407465502619743, 0.02736751362681389, 0.02730519510805607, 0.027277806773781776, 0.02727390080690384, 0.027214568108320236, 0.027231920510530472, 0.027186425402760506, 0.027148207649588585, 0.02708689495921135, 0.027076618745923042, 0.027018195018172264, 0.027030467987060547, 0.026968879625201225, 0.02690071240067482, 0.026831166818737984, 0.02669060416519642, 0.02654225006699562, 0.026424771174788475, 0.02634727768599987, 0.02627868950366974, 0.02624901384115219], "MAE": [0.23911690711975098, 0.2051125168800354, 0.2030966728925705, 0.20102670788764954, 0.19979064166545868, 0.19919374585151672, 0.19741463661193848, 0.19552700221538544, 0.19267496466636658, 0.191383957862854, 0.19082266092300415, 0.1895700842142105, 0.18785527348518372, 0.18571484088897705, 0.18526628613471985, 0.18429596722126007, 0.18392252922058105, 0.18351851403713226, 0.1833851933479309, 0.18294906616210938, 0.18282994627952576, 0.18246623873710632, 0.1823793351650238, 0.18209205567836761, 0.18208156526088715, 0.18178454041481018, 0.1815287321805954, 0.1813313215970993, 0.18142858147621155, 0.18109284341335297, 0.18110409379005432, 0.18095244467258453, 0.180719792842865, 0.18063172698020935, 0.18059329688549042, 0.18041136860847473, 0.18052057921886444, 0.1802438199520111, 0.18014541268348694, 0.17996597290039062, 0.17987509071826935, 0.1797017902135849, 0.17975567281246185, 0.17948199808597565, 0.17924144864082336, 0.1789662390947342, 0.17846666276454926, 0.1778578907251358, 0.17740222811698914, 0.17708174884319305, 0.17677031457424164, 0.17670667171478271], "val_loss": [0.03227156400680542, 0.03131067007780075, 0.03092532977461815, 0.030780503526329994, 0.03125344589352608, 0.030993526801466942, 0.030337847769260406, 0.029208116233348846, 0.02955600805580616, 0.02896823361515999, 0.03176405280828476, 0.029030118137598038, 0.02912069670855999, 0.029349328950047493, 0.03007342852652073, 0.0294015072286129, 0.03033270500600338, 0.029456496238708496, 0.02940003201365471, 0.029845498502254486, 0.02895904704928398, 0.02934085950255394, 0.02883584052324295, 0.029295165091753006, 0.029608143493533134, 0.029626918956637383, 0.03033914789557457, 0.030237404629588127, 0.030358903110027313, 0.029526088386774063, 0.02877589873969555, 0.0287258792668581, 0.030191317200660706, 0.029031211510300636, 0.029852472245693207, 0.030102267861366272, 0.029688047245144844, 0.031099654734134674, 0.030872298404574394, 0.030365221202373505, 0.030924569815397263, 0.02905094064772129, 0.02979687787592411, 0.028895463794469833, 0.031048063188791275, 0.03057771734893322, 0.029461322352290154, 0.029570866376161575, 0.02971588633954525, 0.032936856150627136, 0.02904604561626911, 0.02915363945066929], "val_MAE": [0.20002144575119019, 0.1962035447359085, 0.19508671760559082, 0.19464020431041718, 0.19377413392066956, 0.19703903794288635, 0.1937621682882309, 0.18947452306747437, 0.19372190535068512, 0.1899982988834381, 0.1980491578578949, 0.1912776380777359, 0.1931915283203125, 0.19407527148723602, 0.19753332436084747, 0.19466041028499603, 0.20017634332180023, 0.19596408307552338, 0.1955580711364746, 0.1981973648071289, 0.19349026679992676, 0.1955661177635193, 0.19313585758209229, 0.19547629356384277, 0.1968822330236435, 0.19726784527301788, 0.20002219080924988, 0.1994968205690384, 0.20072537660598755, 0.19629743695259094, 0.19318169355392456, 0.1924520879983902, 0.1995089054107666, 0.1941530406475067, 0.1979595422744751, 0.19934682548046112, 0.19760939478874207, 0.2012411504983902, 0.2016969919204712, 0.1992383897304535, 0.20264407992362976, 0.19360360503196716, 0.19635221362113953, 0.19340722262859344, 0.20055913925170898, 0.19925105571746826, 0.19585494697093964, 0.19499866664409637, 0.1966584473848343, 0.20326946675777435, 0.1936248391866684, 0.1934434473514557]}