{"loss": [0.13941188156604767, 0.05420350283384323, 0.053575415164232254, 0.05301263928413391, 0.052417367696762085, 0.05169452726840973, 0.05138961970806122, 0.050960246473550797, 0.0507202185690403, 0.05053992196917534, 0.05040377005934715, 0.050366006791591644, 0.050232868641614914, 0.050166793167591095, 0.05007011070847511, 0.049909092485904694, 0.04980523884296417, 0.0497615784406662, 0.0496373251080513, 0.04952054098248482, 0.04947422817349434, 0.04940140247344971, 0.04931000620126724, 0.049287792295217514, 0.04918776452541351, 0.04912346601486206, 0.04910300299525261, 0.04903458058834076, 0.04901250824332237, 0.048987824469804764, 0.04896412044763565, 0.048943500965833664, 0.04893072694540024, 0.04885319247841835, 0.04880525544285774, 0.048814672976732254, 0.04879624769091606, 0.048755157738924026, 0.048746123909950256, 0.04872208088636398, 0.0487012080848217, 0.04869860038161278, 0.04863201454281807, 0.04864200949668884, 0.04861506447196007, 0.04861564561724663, 0.04858773946762085, 0.04856869950890541, 0.04851774126291275, 0.048473428934812546, 0.04849594086408615, 0.048503633588552475, 0.048493918031454086, 0.04847852885723114, 0.04849917069077492, 0.04844345152378082, 0.04844436049461365, 0.048453930765390396, 0.048445820808410645, 0.048410747200250626, 0.048396967351436615, 0.04841523990035057, 0.04840231314301491, 0.048385124653577805, 0.04839656129479408, 0.048379648476839066, 0.04841452091932297, 0.04847294092178345, 0.04840238019824028, 0.04844600707292557, 0.04843929409980774, 0.04841521382331848, 0.04847823828458786, 0.04843779280781746, 0.04837087169289589, 0.04837900400161743, 0.048361945897340775, 0.048367660492658615, 0.048382170498371124, 0.04835662990808487, 0.04846106842160225, 0.0487046092748642, 0.048415977507829666, 0.04838550090789795, 0.04838908836245537, 0.04833100736141205, 0.048308923840522766, 0.04831065982580185, 0.04830542951822281, 0.0482909269630909, 0.04828266426920891, 0.04827607050538063, 0.04828600212931633, 0.04830680787563324, 0.048270948231220245, 0.0482395701110363, 0.048284344375133514, 0.048680178821086884, 0.04841449484229088, 0.048331569880247116], "MAE": [0.26096346974372864, 0.18287545442581177, 0.18186651170253754, 0.18081369996070862, 0.17961223423480988, 0.17826788127422333, 0.1776469200849533, 0.17676228284835815, 0.17615258693695068, 0.17575497925281525, 0.17547866702079773, 0.17538751661777496, 0.1750849336385727, 0.17491692304611206, 0.17467382550239563, 0.17440612614154816, 0.1741930991411209, 0.17406445741653442, 0.1737949550151825, 0.1735963225364685, 0.1735353171825409, 0.17337271571159363, 0.1731623411178589, 0.17308782041072845, 0.17288532853126526, 0.17275793850421906, 0.17270076274871826, 0.1725800484418869, 0.17250506579875946, 0.17247629165649414, 0.1723790317773819, 0.1723601371049881, 0.17233118414878845, 0.17216242849826813, 0.17205810546875, 0.17205671966075897, 0.17204341292381287, 0.17195792496204376, 0.17195340991020203, 0.17184939980506897, 0.1718110889196396, 0.17180244624614716, 0.17165809869766235, 0.17167098820209503, 0.17159394919872284, 0.17159730195999146, 0.17157500982284546, 0.17150196433067322, 0.1714155375957489, 0.17127329111099243, 0.17135339975357056, 0.1713545173406601, 0.1713540256023407, 0.1713322103023529, 0.17132149636745453, 0.17121613025665283, 0.17121317982673645, 0.17128151655197144, 0.17124177515506744, 0.17112429440021515, 0.17111645638942719, 0.1711098998785019, 0.1711779087781906, 0.17107392847537994, 0.1711263507604599, 0.17108254134655, 0.17116010189056396, 0.1713242083787918, 0.17117832601070404, 0.17131823301315308, 0.1712729036808014, 0.17119598388671875, 0.171418234705925, 0.17122885584831238, 0.1711098700761795, 0.17113973200321198, 0.17107637226581573, 0.17109932005405426, 0.171122208237648, 0.17105163633823395, 0.17131562530994415, 0.17190751433372498, 0.17121247947216034, 0.17117123305797577, 0.17109286785125732, 0.17099250853061676, 0.17091874778270721, 0.17093363404273987, 0.1709139347076416, 0.17091280221939087, 0.17086462676525116, 0.17086297273635864, 0.1708686649799347, 0.17092633247375488, 0.17084172368049622, 0.17078998684883118, 0.17090676724910736, 0.1718728393316269, 0.17138072848320007, 0.17112228274345398], "val_loss": [0.05487382039427757, 0.06169367954134941, 0.05888667330145836, 0.0601782500743866, 0.05629270523786545, 0.05708792805671692, 0.0594707727432251, 0.06119861453771591, 0.059333525598049164, 0.061479851603507996, 0.058669354766607285, 0.05853002890944481, 0.06005224585533142, 0.05832710117101669, 0.057368092238903046, 0.061421722173690796, 0.05599292740225792, 0.05891818553209305, 0.05734327435493469, 0.05828104540705681, 0.058616071939468384, 0.06389334797859192, 0.05691931024193764, 0.05692628026008606, 0.05753745138645172, 0.05948984995484352, 0.05854370817542076, 0.05699342489242554, 0.059932392090559006, 0.05617576092481613, 0.06104034185409546, 0.05669550970196724, 0.06146138906478882, 0.06437353789806366, 0.0569666363298893, 0.05554413050413132, 0.05845819041132927, 0.06010941043496132, 0.05676509067416191, 0.05856131762266159, 0.0566604845225811, 0.05858871713280678, 0.059661589562892914, 0.059581220149993896, 0.05955049395561218, 0.059167083352804184, 0.0596056766808033, 0.057295188307762146, 0.05827508866786957, 0.05519852414727211, 0.057251106947660446, 0.057406578212976456, 0.06268692761659622, 0.06334912776947021, 0.060316067188978195, 0.06209409981966019, 0.06170288473367691, 0.05928708240389824, 0.05922776833176613, 0.05926285311579704, 0.06152680143713951, 0.060776982456445694, 0.05946168676018715, 0.0600028894841671, 0.05773003026843071, 0.06336019188165665, 0.06121857091784477, 0.06238817423582077, 0.0606362484395504, 0.05880139395594597, 0.06191999465227127, 0.06385006755590439, 0.05918912589550018, 0.06026134639978409, 0.0622825063765049, 0.061460014432668686, 0.059176988899707794, 0.06021521985530853, 0.06422776728868484, 0.06150048226118088, 0.0589909628033638, 0.06451556086540222, 0.06314744055271149, 0.06505255401134491, 0.06443081796169281, 0.06730617582798004, 0.06301351636648178, 0.06337698549032211, 0.06369303166866302, 0.05925602838397026, 0.0600367970764637, 0.06089211627840996, 0.06533214449882507, 0.06215520203113556, 0.06687131524085999, 0.06494597345590591, 0.06291839480400085, 0.06566646695137024, 0.06317124515771866, 0.06407260149717331],