{"loss": [0.024482540786266327, 0.015104970894753933, 0.0142600042745471, 0.013411149382591248, 0.012434370815753937, 0.011837095022201538, 0.011429145000874996, 0.01111887488514185, 0.010910345241427422, 0.010768738575279713, 0.010665442794561386, 0.010545177385210991, 0.01041686162352562, 0.010312316007912159, 0.010183000937104225, 0.010045567527413368, 0.009961680509150028, 0.00988716445863247, 0.009792333468794823, 0.009733069688081741, 0.009721675887703896, 0.009656778536736965, 0.009655780158936977, 0.009611080400645733, 0.009592428803443909, 0.009579017758369446, 0.009551657363772392, 0.009537404403090477, 0.009504886344075203, 0.009498825296759605, 0.009483501315116882, 0.009467928670346737, 0.009443665854632854, 0.00944166723638773, 0.009400478564202785, 0.009342745877802372, 0.008930457755923271, 0.008517696522176266, 0.008373985067009926, 0.008317634463310242, 0.008277380838990211, 0.008247866295278072, 0.008224580436944962, 0.008191827684640884, 0.008174513466656208, 0.008175009861588478, 0.00816488079726696, 0.008141977712512016, 0.008124521002173424, 0.008106621913611889, 0.008093440905213356, 0.008096166886389256, 0.00809410959482193, 0.008071094751358032, 0.008062106557190418, 0.008052107878029346, 0.0080459238961339, 0.008027028292417526, 0.008032605051994324, 0.008018757216632366, 0.008008805103600025, 0.008002862334251404, 0.007995139807462692, 0.007992404513061047, 0.007983455434441566, 0.007980131544172764, 0.007964096032083035, 0.007978374138474464, 0.007965316995978355, 0.00795157440006733, 0.007942953146994114, 0.007933670654892921, 0.007923787459731102, 0.00791966449469328, 0.007905736565589905, 0.007896467112004757, 0.007893257774412632, 0.007892021909356117, 0.00788012333214283, 0.007893376052379608, 0.007871054112911224, 0.007877713069319725, 0.007860338315367699, 0.007836167700588703, 0.007843708619475365], "MAE": [0.1550447940826416, 0.13461583852767944, 0.13067342340946198, 0.1267797350883484, 0.12209267169237137, 0.1189982146024704, 0.11692661046981812, 0.11524970084428787, 0.11415591835975647, 0.11340713500976562, 0.11280986666679382, 0.11215437948703766, 0.11146000772714615, 0.11083871871232986, 0.11016993969678879, 0.10940299928188324, 0.10891883075237274, 0.1085343137383461, 0.10799077898263931, 0.10764876753091812, 0.10762783139944077, 0.10720308870077133, 0.10721021890640259, 0.10696031898260117, 0.10685212165117264, 0.10674864798784256, 0.1066199243068695, 0.10651163011789322, 0.10634235292673111, 0.10631481558084488, 0.10620002448558807, 0.10609959065914154, 0.10598833113908768, 0.10596796125173569, 0.10571745038032532, 0.10542675107717514, 0.10318144410848618, 0.10078440606594086, 0.09982341527938843, 0.0994577631354332, 0.09922188520431519, 0.09906668961048126, 0.09886188805103302, 0.09868908673524857, 0.0985538512468338, 0.0985615998506546, 0.09850291162729263, 0.09836022555828094, 0.09826381504535675, 0.09808579087257385, 0.09801321476697922, 0.09802570194005966, 0.09802588075399399, 0.09786688536405563, 0.09783594310283661, 0.09777218103408813, 0.0977281779050827, 0.09759663790464401, 0.09764917939901352, 0.097518689930439, 0.09744206815958023, 0.09743089973926544, 0.09739220887422562, 0.0973367691040039, 0.09731676429510117, 0.09728565812110901, 0.09717065840959549, 0.09727233648300171, 0.09719245880842209, 0.09710657596588135, 0.09702592343091965, 0.09697563946247101, 0.09689478576183319, 0.09691569954156876, 0.09682668745517731, 0.09674274176359177, 0.09674727916717529, 0.09671654552221298, 0.09663986414670944, 0.09671728312969208, 0.0965888723731041, 0.09663353115320206, 0.09650728851556778, 0.09637664258480072, 0.0963895246386528], "val_loss": [0.01641395129263401, 0.01525827869772911, 0.013485853560268879, 0.012408175505697727, 0.011791620403528214, 0.01146213710308075, 0.012404875829815865, 0.01522114872932434, 0.012602069415152073, 0.01329635176807642, 0.011918927542865276, 0.011380475014448166, 0.010799964889883995, 0.011894771829247475, 0.01201675832271576, 0.013208459131419659, 0.011847329325973988, 0.012389415875077248, 0.01379554346203804, 0.012317103333771229, 0.011675484478473663, 0.014057153835892677, 0.012850492261350155, 0.01301712729036808, 0.011234777048230171, 0.009732094593346119, 0.011736837215721607, 0.011102606542408466, 0.014001150615513325, 0.011553270742297173, 0.010678280144929886, 0.010810254141688347, 0.011346202343702316, 0.010791528038680553, 0.011152789928019047, 0.009476185776293278, 0.00844938401132822, 0.008694600313901901, 0.008333767764270306, 0.00824423972517252, 0.008037525229156017, 0.008661732077598572, 0.008216925896704197, 0.00811653770506382, 0.007971500046551228, 0.008509853854775429, 0.008378703147172928, 0.00807646382600069, 0.008247974328696728, 0.008009501732885838, 0.007998370565474033, 0.008396044373512268, 0.008075964637100697, 0.008347830735147, 0.007984589785337448, 0.00834996160119772, 0.008075626567006111, 0.00797193218022585, 0.008034155704081059, 0.008183513768017292, 0.008365713059902191, 0.00793913658708334, 0.008215457201004028, 0.008106246590614319, 0.007922363467514515, 0.008187850005924702, 0.008033132180571556, 0.008140518330037594, 0.008284009993076324, 0.008732522837817669, 0.00816310103982687, 0.008191152475774288, 0.008064987137913704, 0.008469704538583755, 0.008363421075046062, 0.008263238705694675, 0.008245409466326237, 0.00833178497850895, 0.008050532080233097, 0.007981979288160801, 0.008042651228606701, 0.008257808163762093, 0.008130690082907677, 0.008156628347933292, 0.008175600320100784], "val_MAE": [0.1416417509317398, 0.13353939354419708, 0.12557829916477203, 0.1213991641998291, 0.11687230318784714, 0.11742155253887177, 0.11955882608890533, 0.13270047307014465, 0.1217978373169899, 0.12551836669445038, 0.11874740570783615, 0.11499283462762833, 0.11416462063789368, 0.11710485816001892, 0.11898520588874817, 0.12437949329614639, 0.11852890253067017, 0.12009689956903458, 0.12746551632881165, 0.12000177055597305, 0.11675092577934265, 0.12911906838417053, 0.12279088795185089, 0.12472237646579742, 0.11523247510194778, 0.10897158086299896, 0.1172923669219017, 0.11580473929643631, 0.12877808511257172, 0.11733535677194595, 0.11249183118343353, 0.11430810391902924, 0.11648238450288773, 0.1133422702550888, 0.1147647276520729, 0.10671817511320114, 0.10074856132268906, 0.10367479920387268, 0.09976920485496521, 0.09968585520982742, 0.09846312552690506, 0.10129532217979431, 0.09898892790079117, 0.09849744290113449, 0.0981675535440445, 0.10014444589614868, 0.09948509931564331, 0.09839728474617004, 0.09946770966053009, 0.0987653061747551, 0.09750038385391235, 0.10043678432703018, 0.09709780663251877, 0.10063784569501877, 0.09789025038480759, 0.0987214669585228, 0.09869923442602158, 0.0983046367764473, 0.09748803079128265, 0.09847337752580643, 0.09886296093463898, 0.09811868518590927, 0.09878409653902054, 0.09817582368850708, 0.09813424199819565, 0.09799673408269882, 0.09738451987504959, 0.09847638756036758, 0.0989236906170845, 0.10182778537273407, 0.0985562801361084, 0.09952052682638168, 0.09837335348129272, 0.10105865448713303, 0.09916231781244278, 0.09839382022619247, 0.09877744317054749, 0.09981615841388702, 0.099026620388031, 0.0967601090669632, 0.0979062020778656, 0.09875158220529556, 0.09761582314968109, 0.09851834923028946, 0.098487488925457]}