{"loss": [0.31891152262687683, 0.08444725722074509, 0.08012017607688904, 0.07625219970941544, 0.07484637945890427, 0.07414795458316803, 0.07315310835838318, 0.07309648394584656, 0.07279526442289352, 0.07228098809719086, 0.07217259705066681, 0.07149404287338257, 0.07161635905504227, 0.07096806168556213, 0.07081065326929092, 0.07062346488237381, 0.07034771889448166, 0.07023092359304428, 0.06996758282184601, 0.06984134018421173, 0.06968654692173004, 0.06983475387096405, 0.06956005841493607, 0.06946185976266861, 0.06922715902328491, 0.0690639466047287, 0.06918910145759583, 0.06931641697883606, 0.06897175312042236, 0.06903817504644394, 0.06905608624219894, 0.06896813213825226, 0.06901631504297256, 0.06881241500377655, 0.0686284676194191, 0.06874807178974152, 0.06880847364664078, 0.06867624819278717, 0.06860050559043884, 0.06862573325634003, 0.06867428123950958, 0.06843603402376175, 0.06856700032949448, 0.06864447146654129, 0.06838557869195938, 0.06845699995756149, 0.06833594292402267, 0.06822697073221207, 0.0683114156126976, 0.06834298372268677, 0.06820626556873322, 0.06830834597349167, 0.0681135430932045, 0.06799658387899399, 0.06825770437717438, 0.06815461069345474, 0.06809204816818237, 0.06789194792509079, 0.06798451393842697, 0.06803324818611145, 0.06814858317375183, 0.06794529408216476, 0.06788942962884903, 0.06776760518550873, 0.06794004142284393, 0.06790876388549805, 0.06776841729879379, 0.06784547865390778, 0.06795362383127213, 0.0678432360291481, 0.06769315153360367, 0.06779211014509201, 0.06779766082763672, 0.06761407107114792, 0.06778286397457123, 0.067684106528759, 0.06772298365831375, 0.06788072735071182, 0.06758072972297668, 0.06762560456991196, 0.06761466711759567, 0.0677773728966713, 0.06754950433969498, 0.06761199235916138, 0.06757679581642151, 0.06747336685657501, 0.06764701753854752, 0.06769493967294693, 0.06749115139245987], "MAE": [0.42955482006073, 0.22947920858860016, 0.22329136729240417, 0.2179412692785263, 0.21582652628421783, 0.21491259336471558, 0.21339303255081177, 0.2133828103542328, 0.2128787487745285, 0.21218343079090118, 0.2118956595659256, 0.21093738079071045, 0.21111509203910828, 0.21011675894260406, 0.2099347859621048, 0.20956191420555115, 0.20916740596294403, 0.20887646079063416, 0.2084854394197464, 0.2082013189792633, 0.20794278383255005, 0.2081712782382965, 0.20763234794139862, 0.2076316773891449, 0.20711103081703186, 0.20686036348342896, 0.2071017473936081, 0.20725548267364502, 0.20665490627288818, 0.2067870795726776, 0.20681090652942657, 0.206691712141037, 0.2068897932767868, 0.2064792513847351, 0.2060481458902359, 0.20636019110679626, 0.20641541481018066, 0.20618559420108795, 0.20604516565799713, 0.2061106413602829, 0.2062724083662033, 0.20578695833683014, 0.20597578585147858, 0.20617222785949707, 0.20575420558452606, 0.2059381604194641, 0.20555232465267181, 0.20539751648902893, 0.2055540233850479, 0.20567408204078674, 0.2053469866514206, 0.20555102825164795, 0.20522597432136536, 0.20502813160419464, 0.20551082491874695, 0.20524699985980988, 0.20513494312763214, 0.20476321876049042, 0.20486201345920563, 0.20512409508228302, 0.20524947345256805, 0.20489650964736938, 0.20486804842948914, 0.20455406606197357, 0.20479489862918854, 0.20477008819580078, 0.20459213852882385, 0.20470938086509705, 0.20484790205955505, 0.2045711725950241, 0.20442812144756317, 0.20456711947917938, 0.2045261561870575, 0.20428891479969025, 0.2046266794204712, 0.20431861281394958, 0.20446135103702545, 0.2046620398759842, 0.20422261953353882, 0.2042667269706726, 0.20421700179576874, 0.204549640417099, 0.2041330635547638, 0.20416682958602905, 0.20423175394535065, 0.2040424644947052, 0.20421907305717468, 0.20427915453910828, 0.20404213666915894], "val_loss": [0.07445113360881805, 0.07439415901899338, 0.07406419515609741, 0.07842276990413666, 0.08167821168899536, 0.08477336168289185, 0.07603634148836136, 0.07816828787326813, 0.08093272894620895, 0.0832972601056099, 0.08086155354976654, 0.08215843886137009, 0.07470405846834183, 0.07318537682294846, 0.0848289281129837, 0.08379286527633667, 0.078825443983078, 0.08611299097537994, 0.07701753824949265, 0.07983113080263138, 0.07595957070589066, 0.07614268362522125, 0.08337590098381042, 0.07456938177347183, 0.07700298726558685, 0.08350963890552521, 0.08010374009609222, 0.08513116836547852, 0.08038195967674255, 0.0774601548910141, 0.07978291809558868, 0.08331504464149475, 0.07718177139759064, 0.07783976197242737, 0.07584914565086365, 0.07629591226577759, 0.07888782024383545, 0.07773873209953308, 0.07303201407194138, 0.07755343616008759, 0.07498397678136826, 0.08145830780267715, 0.07431385666131973, 0.08212389796972275, 0.08043719828128815, 0.0811195895075798, 0.0812792256474495, 0.07830667495727539, 0.07844559103250504, 0.07482810318470001, 0.08169229328632355, 0.08420766144990921, 0.08108364045619965, 0.08151677250862122, 0.08061552047729492, 0.07761798799037933, 0.08120572566986084, 0.07585873454809189, 0.08448179066181183, 0.08376588672399521, 0.07821941375732422, 0.08150161057710648, 0.08709891140460968, 0.0762489065527916, 0.07628458738327026, 0.08035245537757874, 0.08040785789489746, 0.08322965353727341, 0.07944582402706146, 0.07925556600093842, 0.07732337713241577, 0.08322969079017639, 0.0810345858335495, 0.07880861312150955, 0.08225961774587631, 0.07794452458620071, 0.07727962732315063, 0.08154258131980896, 0.0778919905424118, 0.0794924795627594, 0.08114685118198395, 0.0765092596411705, 0.08270535618066788, 0.07585123181343079, 0.08449982106685638, 0.08050745725631714, 0.0938386395573616, 0.08386839926242828, 0.08595237135887146], "val_MAE": [0.21700316667556763, 0.21730421483516693, 0.2189325988292694, 0.22351160645484924, 0.22877991199493408, 0.23352639377117157, 0.2232026904821396, 0.22491779923439026, 0.22898849844932556, 0.23186926543712616, 0.22694726288318634, 0.23041728138923645, 0.21918228268623352, 0.21774302423000336, 0.23400770127773285, 0.23272289335727692, 0.22492648661136627, 0.2348344922065735, 0.22387836873531342, 0.2271694839000702, 0.221586674451828, 0.22306102514266968, 0.23120416700839996, 0.22028420865535736, 0.22222928702831268, 0.2318190485239029, 0.22680525481700897, 0.23380881547927856, 0.22676418721675873, 0.22211559116840363, 0.22738401591777802, 0.2315916270017624, 0.22173665463924408, 0.22377938032150269, 0.22156447172164917, 0.2213888168334961, 0.22411690652370453, 0.2245749980211258, 0.21718613803386688, 0.22211487591266632, 0.21878547966480255, 0.2285543829202652, 0.21743269264698029, 0.2294914573431015, 0.22686143219470978, 0.22774696350097656, 0.22967228293418884, 0.22477896511554718, 0.22428925335407257, 0.2194298505783081, 0.22978328168392181, 0.23329821228981018, 0.22802582383155823, 0.2311020791530609, 0.22642046213150024, 0.22266839444637299, 0.2276398092508316, 0.21904799342155457, 0.2329891473054886, 0.23153795301914215, 0.22314541041851044, 0.22728022933006287, 0.23600754141807556, 0.2213473618030548, 0.22063761949539185, 0.22505322098731995, 0.22570806741714478, 0.23081135749816895, 0.2248663753271103, 0.22750785946846008, 0.22264976799488068, 0.2311420738697052, 0.2278270721435547, 0.22493836283683777, 0.22942127287387848, 0.22375915944576263, 0.22216953337192535, 0.22837628424167633, 0.22234737873077393, 0.2262970358133316, 0.2282622754573822, 0.22008784115314484, 0.2306574434041977, 0.22194528579711914, 0.23308339715003967, 0.22678831219673157, 0.24690650403499603, 0.23249419033527374, 0.2352897822856903]}