{"loss": [0.028040168806910515, 0.021153341978788376, 0.019228002056479454, 0.01826002076268196, 0.017763422802090645, 0.017342573031783104, 0.017098359763622284, 0.01696978323161602, 0.016877008602023125, 0.016765747219324112, 0.016348695382475853, 0.015624236315488815, 0.015436689369380474, 0.015337920747697353, 0.01529035996645689, 0.015234428457915783, 0.015179555863142014, 0.01514966506510973, 0.015114684589207172, 0.01507425494492054, 0.015038962475955486, 0.015011517331004143, 0.014962617307901382, 0.01493501104414463, 0.014890234917402267, 0.014863365329802036, 0.014822679571807384, 0.014791013672947884, 0.014756142161786556, 0.014709247276186943, 0.01466566976159811, 0.014615878462791443, 0.014561913907527924, 0.014503823593258858, 0.014460896141827106, 0.014419030398130417, 0.014362542890012264, 0.014328818768262863, 0.014274473302066326, 0.014238379895687103, 0.014205239713191986, 0.014175155200064182, 0.014132600277662277, 0.014099624007940292, 0.014056562446057796, 0.014022956602275372, 0.013981934636831284, 0.01394329871982336, 0.013916979543864727, 0.013879110105335712, 0.0138406315818429, 0.01380565483123064, 0.01377109158784151, 0.013733585365116596, 0.013699065893888474, 0.013657692819833755, 0.013613209128379822, 0.013580217957496643, 0.013539495877921581, 0.013488891534507275, 0.01343811210244894, 0.013382857665419579, 0.013332855887711048, 0.013265957124531269, 0.01321305800229311, 0.013153793290257454, 0.013084342703223228, 0.013016177341341972, 0.012942900881171227, 0.01287548802793026], "MAE": [0.17751935124397278, 0.1595918983221054, 0.15173764526844025, 0.1476263701915741, 0.14546118676662445, 0.14364218711853027, 0.1425948441028595, 0.14203888177871704, 0.1416306048631668, 0.14114543795585632, 0.13940659165382385, 0.13607607781887054, 0.13513006269931793, 0.13464346528053284, 0.13440056145191193, 0.13412810862064362, 0.13386578857898712, 0.13370996713638306, 0.13354146480560303, 0.13334552943706512, 0.1331765204668045, 0.13306395709514618, 0.13281667232513428, 0.13268032670021057, 0.1324692666530609, 0.13234205543994904, 0.132156103849411, 0.13200990855693817, 0.1318562924861908, 0.13162560760974884, 0.13145487010478973, 0.13122501969337463, 0.1309916079044342, 0.13073422014713287, 0.1305389255285263, 0.1303488165140152, 0.13008037209510803, 0.12992651760578156, 0.12967604398727417, 0.12949204444885254, 0.12936212122440338, 0.12921449542045593, 0.12902304530143738, 0.12889127433300018, 0.12869849801063538, 0.1285303235054016, 0.12832653522491455, 0.12815816700458527, 0.12804336845874786, 0.12786783277988434, 0.12769398093223572, 0.12754972279071808, 0.12737517058849335, 0.1272139698266983, 0.1270376741886139, 0.1268664002418518, 0.12664984166622162, 0.12650944292545319, 0.12632738053798676, 0.12608492374420166, 0.12585711479187012, 0.12559372186660767, 0.12537901103496552, 0.1250571608543396, 0.12481090426445007, 0.12455544620752335, 0.12422378361225128, 0.12391347438097, 0.12357041984796524, 0.12325099110603333], "val_loss": [0.021244972944259644, 0.018942369148135185, 0.019140126183629036, 0.019742818549275398, 0.018794462084770203, 0.018662085756659508, 0.018710555508732796, 0.018039021641016006, 0.018071085214614868, 0.017196372151374817, 0.015477374196052551, 0.015374868176877499, 0.015027031302452087, 0.014951612800359726, 0.015001151710748672, 0.015174410305917263, 0.014923660084605217, 0.014983377419412136, 0.014867930673062801, 0.014926671981811523, 0.015078202821314335, 0.015087618492543697, 0.015052099712193012, 0.014887413010001183, 0.014772658236324787, 0.014728735201060772, 0.014905703254044056, 0.014863836579024792, 0.014681290835142136, 0.014764711260795593, 0.014939537271857262, 0.014675338752567768, 0.014782761223614216, 0.014790117740631104, 0.014882218092679977, 0.014597398228943348, 0.014753169380128384, 0.014288431964814663, 0.014424764551222324, 0.014514333568513393, 0.014367857947945595, 0.014369376935064793, 0.01445847935974598, 0.014319240115582943, 0.014436834491789341, 0.01446407102048397, 0.014239899814128876, 0.014487702399492264, 0.014244559220969677, 0.014104539528489113, 0.014116481877863407, 0.014104974456131458, 0.014431467279791832, 0.01413680799305439, 0.014133035205304623, 0.014203711412847042, 0.014390243217349052, 0.01426665298640728, 0.014242038130760193, 0.014257441274821758, 0.014185978099703789, 0.014456142671406269, 0.014329137280583382, 0.014433451928198338, 0.014392705634236336, 0.014560448937118053, 0.014469866640865803, 0.014668540097773075, 0.014710364863276482, 0.01456717774271965], "val_MAE": [0.15975379943847656, 0.15140627324581146, 0.1514093577861786, 0.15405261516571045, 0.15234437584877014, 0.15187381207942963, 0.15162183344364166, 0.14872141182422638, 0.14922738075256348, 0.146175816655159, 0.13744843006134033, 0.13698849081993103, 0.1353977620601654, 0.13434019684791565, 0.13342036306858063, 0.1338077336549759, 0.1333252489566803, 0.1330331414937973, 0.1321105808019638, 0.13273485004901886, 0.13495269417762756, 0.1349005252122879, 0.13403618335723877, 0.13360199332237244, 0.13250067830085754, 0.13221785426139832, 0.13330522179603577, 0.13340267539024353, 0.13188114762306213, 0.13328638672828674, 0.13393668830394745, 0.13144539296627045, 0.1323118358850479, 0.1318773776292801, 0.13249225914478302, 0.13211938738822937, 0.1319190263748169, 0.13020004332065582, 0.13121677935123444, 0.13182048499584198, 0.12973159551620483, 0.13038453459739685, 0.13077768683433533, 0.13104796409606934, 0.13095879554748535, 0.13095155358314514, 0.13010680675506592, 0.13101786375045776, 0.129717156291008, 0.1296204924583435, 0.13014806807041168, 0.12926599383354187, 0.13050128519535065, 0.1296825110912323, 0.12919007241725922, 0.12944751977920532, 0.13070885837078094, 0.1294918954372406, 0.12967494130134583, 0.12909092009067535, 0.12980671226978302, 0.130391925573349, 0.13071325421333313, 0.13118524849414825, 0.13061855733394623, 0.13099703192710876, 0.13061882555484772, 0.1323053538799286, 0.13142386078834534, 0.13179828226566315]}