{"loss": [0.0955067053437233, 0.0384574718773365, 0.03684419393539429, 0.035953912883996964, 0.0353589691221714, 0.03484752029180527, 0.03450533375144005, 0.03417213633656502, 0.03388353809714317, 0.03357572481036186, 0.03337246924638748, 0.03302532061934471, 0.03263271227478981, 0.03227067366242409, 0.03204740956425667, 0.03195035085082054, 0.03165881708264351, 0.031502965837717056, 0.031407829374074936, 0.0313008688390255, 0.03116030991077423, 0.031033901497721672, 0.03095201775431633, 0.03080655075609684, 0.030735528096556664, 0.03065543621778488, 0.030540388077497482, 0.030471572652459145, 0.030403032898902893, 0.030328888446092606, 0.030205469578504562, 0.030154339969158173, 0.030097611248493195, 0.029989944770932198, 0.029901888221502304, 0.02990858070552349, 0.029752610251307487, 0.029714984819293022, 0.02969915233552456, 0.029647592455148697, 0.02956291288137436, 0.02957185171544552, 0.029485953971743584, 0.02945961430668831, 0.02942250482738018, 0.029378030449151993, 0.02932196669280529, 0.029299506917595863, 0.029309052973985672, 0.02923845872282982, 0.02920367196202278, 0.029179666191339493, 0.029151611030101776, 0.02913900837302208, 0.0291045680642128, 0.029098382219672203, 0.0290727149695158, 0.02903381921350956, 0.029023369774222374, 0.0290139801800251, 0.028986729681491852, 0.028927301988005638, 0.028933564200997353, 0.02890254184603691, 0.02889118157327175, 0.028883805498480797, 0.028865056112408638, 0.028874719515442848, 0.028857778757810593, 0.028819603845477104, 0.02883298508822918, 0.028823722153902054, 0.028776464983820915, 0.028746191412210464], "MAE": [0.21130241453647614, 0.15252400934696198, 0.14902617037296295, 0.14693303406238556, 0.14555084705352783, 0.144473597407341, 0.14363184571266174, 0.1428655982017517, 0.14208801090717316, 0.14137348532676697, 0.14089518785476685, 0.14006169140338898, 0.13905906677246094, 0.13825371861457825, 0.13775628805160522, 0.13752540946006775, 0.13685719668865204, 0.13648976385593414, 0.13632656633853912, 0.13603483140468597, 0.1357497125864029, 0.13546021282672882, 0.13527169823646545, 0.13497063517570496, 0.1348005086183548, 0.13463333249092102, 0.13430136442184448, 0.13424566388130188, 0.13406307995319366, 0.13390658795833588, 0.13357847929000854, 0.13347798585891724, 0.1333497166633606, 0.13314257562160492, 0.13292817771434784, 0.13295012712478638, 0.13256621360778809, 0.13249492645263672, 0.1324932724237442, 0.13232441246509552, 0.13217377662658691, 0.13220736384391785, 0.13196313381195068, 0.13192634284496307, 0.13183176517486572, 0.1317179948091507, 0.13162308931350708, 0.1315401792526245, 0.13156777620315552, 0.1314276158809662, 0.13131192326545715, 0.13126926124095917, 0.13119834661483765, 0.131215438246727, 0.13110461831092834, 0.1311091184616089, 0.13100644946098328, 0.13092240691184998, 0.13092480599880219, 0.13091787695884705, 0.13082031905651093, 0.1307002604007721, 0.13071605563163757, 0.13066880404949188, 0.13058894872665405, 0.13060803711414337, 0.1305282562971115, 0.13053633272647858, 0.13054081797599792, 0.13045647740364075, 0.13049541413784027, 0.13042740523815155, 0.13031379878520966, 0.13024671375751495], "val_loss": [0.03642731159925461, 0.03477056324481964, 0.033831194043159485, 0.03847880661487579, 0.034129105508327484, 0.033029619604349136, 0.03288648650050163, 0.03265940397977829, 0.03185177594423294, 0.03225230053067207, 0.031971924006938934, 0.03284638747572899, 0.032103441655635834, 0.03428887948393822, 0.03243796154856682, 0.03266698494553566, 0.03357834741473198, 0.03266984596848488, 0.03429224342107773, 0.03270517662167549, 0.033373188227415085, 0.03466663509607315, 0.034937068819999695, 0.03159994259476662, 0.03477988764643669, 0.03408760204911232, 0.03361193463206291, 0.03243806213140488, 0.03354378044605255, 0.035266075283288956, 0.033145591616630554, 0.03398459032177925, 0.03440045192837715, 0.03318475931882858, 0.03306366875767708, 0.03322746977210045, 0.034956738352775574, 0.03581603616476059, 0.03501026704907417, 0.03282109647989273, 0.03340308368206024, 0.03408975899219513, 0.03390266373753548, 0.033839501440525055, 0.03386909142136574, 0.03380581736564636, 0.03448622673749924, 0.03281214088201523, 0.03418366611003876, 0.03402542695403099, 0.03570619225502014, 0.035832878202199936, 0.0339151956140995, 0.03332962468266487, 0.03312831372022629, 0.03383089601993561, 0.03405988961458206, 0.03484222665429115, 0.03453352302312851, 0.03353915363550186, 0.03400454297661781, 0.03233068808913231, 0.035054419189691544, 0.032763395458459854, 0.03347865119576454, 0.03348995000123978, 0.03347214683890343, 0.033660877496004105, 0.032691579312086105, 0.033990539610385895, 0.033586349338293076, 0.03274571895599365, 0.0350358821451664, 0.03488028049468994], "val_MAE": [0.1463770568370819, 0.14466482400894165, 0.14191608130931854, 0.14921128749847412, 0.14227117598056793, 0.14247260987758636, 0.14268775284290314, 0.14092685282230377, 0.13907916843891144, 0.14137870073318481, 0.14001384377479553, 0.14174990355968475, 0.14152930676937103, 0.1491594910621643, 0.1417376697063446, 0.1446133553981781, 0.1456715613603592, 0.14449447393417358, 0.14892660081386566, 0.14438548684120178, 0.14574898779392242, 0.15068012475967407, 0.15210726857185364, 0.1411696970462799, 0.15190060436725616, 0.14945870637893677, 0.14694862067699432, 0.14455847442150116, 0.14823493361473083, 0.15172483026981354, 0.14664281904697418, 0.14857590198516846, 0.1499376744031906, 0.1470901221036911, 0.14658480882644653, 0.14791297912597656, 0.1519412398338318, 0.15330922603607178, 0.15296418964862823, 0.14641959965229034, 0.1482374668121338, 0.15009991824626923, 0.14965854585170746, 0.1498621702194214, 0.14981596171855927, 0.14898544549942017, 0.15087732672691345, 0.14616695046424866, 0.15054765343666077, 0.1500478982925415, 0.1550251841545105, 0.15508753061294556, 0.14956627786159515, 0.1483827829360962, 0.14743676781654358, 0.14943930506706238, 0.15016750991344452, 0.1523093581199646, 0.15128591656684875, 0.14908723533153534, 0.1499994844198227, 0.145198792219162, 0.1530175507068634, 0.14645983278751373, 0.1486806720495224, 0.14886325597763062, 0.1485924869775772, 0.14913715422153473, 0.14611870050430298, 0.14957840740680695, 0.1491210162639618, 0.1466764360666275, 0.15373097360134125, 0.15298834443092346]}