{"loss": [0.0436551570892334, 0.019855668768286705, 0.019452011212706566, 0.01893644593656063, 0.018503626808524132, 0.018231209367513657, 0.017934691160917282, 0.017736580222845078, 0.0176331028342247, 0.017472848296165466, 0.017372149974107742, 0.01723756268620491, 0.01718219928443432, 0.017026439309120178, 0.016899362206459045, 0.01681406795978546, 0.016680359840393066, 0.016558442264795303, 0.01646759919822216, 0.016349120065569878, 0.01627103053033352, 0.01615084521472454, 0.01607554778456688, 0.01596027798950672, 0.01588989607989788, 0.01582629233598709, 0.015742696821689606, 0.015680961310863495, 0.01554202102124691, 0.015457503497600555, 0.015372310765087605, 0.015340453013777733, 0.015266149304807186, 0.015250392258167267, 0.01526794582605362, 0.01521668117493391, 0.015163548290729523, 0.015137593261897564, 0.015107015147805214, 0.015051707625389099, 0.015002576634287834, 0.014993393793702126, 0.014927876181900501, 0.014903291128575802, 0.014887501485645771, 0.014859989285469055, 0.014807518571615219, 0.014781052246689796, 0.014764872379601002], "MAE": [0.20004487037658691, 0.15511763095855713, 0.15340320765972137, 0.15142500400543213, 0.14944548904895782, 0.14837171137332916, 0.14701485633850098, 0.14608696103096008, 0.14564689993858337, 0.14489279687404633, 0.14448200166225433, 0.14390169084072113, 0.14366760849952698, 0.14293280243873596, 0.14230968058109283, 0.141819566488266, 0.1411902755498886, 0.14059433341026306, 0.140163853764534, 0.13959568738937378, 0.1393040269613266, 0.1386946737766266, 0.13844293355941772, 0.13801871240139008, 0.1376504898071289, 0.1372571885585785, 0.13694219291210175, 0.13658224046230316, 0.1359170526266098, 0.13548137247562408, 0.1350390911102295, 0.13490234315395355, 0.13455456495285034, 0.13444681465625763, 0.13455697894096375, 0.13423578441143036, 0.13405105471611023, 0.134010449051857, 0.1338246762752533, 0.1335265040397644, 0.133340984582901, 0.13326728343963623, 0.13300564885139465, 0.13285289704799652, 0.1328132152557373, 0.13275247812271118, 0.1324419379234314, 0.13233017921447754, 0.1322118639945984], "val_loss": [0.01879780925810337, 0.018488148227334023, 0.019922316074371338, 0.017271772027015686, 0.017345979809761047, 0.0167001374065876, 0.017126208171248436, 0.016668910160660744, 0.01643780618906021, 0.016285378485918045, 0.01622166484594345, 0.016067536547780037, 0.0161739569157362, 0.01638229936361313, 0.015634706243872643, 0.016064362600445747, 0.015974393114447594, 0.016474086791276932, 0.016024673357605934, 0.015532063320279121, 0.01614565961062908, 0.01581816002726555, 0.015637461096048355, 0.016502108424901962, 0.015471137128770351, 0.015461738221347332, 0.01636185683310032, 0.0156413521617651, 0.01531415805220604, 0.015358525328338146, 0.01654306799173355, 0.015400831587612629, 0.015423033386468887, 0.017699848860502243, 0.01675889641046524, 0.016749398782849312, 0.01619216427206993, 0.01637772098183632, 0.01626819185912609, 0.01595125161111355, 0.016002977266907692, 0.01610209420323372, 0.015656348317861557, 0.015456450171768665, 0.01740236021578312, 0.017082100734114647, 0.016216423362493515, 0.016616996377706528, 0.015935124829411507], "val_MAE": [0.15084391832351685, 0.14906036853790283, 0.15623459219932556, 0.14436782896518707, 0.14323516190052032, 0.14217813313007355, 0.14217248558998108, 0.14148545265197754, 0.14078639447689056, 0.1392221599817276, 0.13987964391708374, 0.1387622207403183, 0.13961069285869598, 0.13994742929935455, 0.13664236664772034, 0.13950301706790924, 0.14052577316761017, 0.14205366373062134, 0.14151138067245483, 0.13804888725280762, 0.1394619643688202, 0.1394490897655487, 0.13883976638317108, 0.14050759375095367, 0.1382291316986084, 0.13790655136108398, 0.14126546680927277, 0.13953037559986115, 0.13789506256580353, 0.13830478489398956, 0.14551855623722076, 0.13864077627658844, 0.13952302932739258, 0.14999519288539886, 0.14765632152557373, 0.14743369817733765, 0.14433325827121735, 0.14538857340812683, 0.144961416721344, 0.14242829382419586, 0.1433228701353073, 0.14301635324954987, 0.14068426191806793, 0.13966570794582367, 0.14956945180892944, 0.15016809105873108, 0.14446017146110535, 0.1486135870218277, 0.14338763058185577]}