{"loss": [0.0973389595746994, 0.01950266771018505, 0.01944393664598465, 0.019152557477355003, 0.019018812105059624, 0.018810823559761047, 0.018708400428295135, 0.0185780581086874, 0.01844034530222416, 0.018383245915174484, 0.018293194472789764, 0.018257515504956245, 0.018186334520578384, 0.018165867775678635, 0.018087076023221016, 0.018070215359330177, 0.0180861447006464, 0.018074169754981995, 0.01802816428244114, 0.018000708892941475, 0.018024789169430733, 0.017991071566939354, 0.017994625493884087, 0.01804407685995102, 0.017988314852118492, 0.018001694232225418, 0.01796981878578663, 0.01796303689479828, 0.01793649047613144, 0.01791916787624359, 0.017901485785841942, 0.017893413081765175, 0.017912965267896652, 0.017881400883197784, 0.01786832883954048, 0.017863934859633446, 0.017815429717302322, 0.017830049619078636, 0.0178303774446249, 0.017820248380303383, 0.01781439036130905, 0.017810383811593056, 0.017805472016334534, 0.017831645905971527, 0.017768919467926025, 0.017745742574334145, 0.017766421660780907, 0.017737701535224915, 0.017747456207871437, 0.01771211065351963, 0.01771687902510166, 0.017720814794301987, 0.017711320891976357, 0.01771048828959465, 0.017683159559965134, 0.017662974074482918, 0.017646348103880882, 0.017646074295043945, 0.017627708613872528, 0.01762736216187477, 0.01762222871184349, 0.01760319247841835, 0.017606476321816444, 0.01757899858057499, 0.017588667571544647, 0.0175734031945467, 0.017566349357366562, 0.017538800835609436, 0.017574867233633995, 0.017536314204335213, 0.01754775457084179, 0.017524490132927895, 0.01752663031220436, 0.017514647915959358, 0.017507784068584442, 0.01748904399573803, 0.01750306598842144, 0.017515942454338074, 0.017501985654234886, 0.017509909346699715, 0.017500538378953934, 0.017469095066189766, 0.01747359149158001, 0.017466440796852112, 0.017472490668296814, 0.01746365986764431, 0.017453860491514206, 0.017443861812353134], "MAE": [0.18269504606723785, 0.1066204160451889, 0.10622553527355194, 0.10530272126197815, 0.10475913435220718, 0.10409220308065414, 0.1037532240152359, 0.10333625227212906, 0.1028914526104927, 0.1026541218161583, 0.10234335064888, 0.10216229408979416, 0.10194645076990128, 0.1018657237291336, 0.10161557793617249, 0.10153719037771225, 0.10159236192703247, 0.10151993483304977, 0.10136362165212631, 0.10128456354141235, 0.1013656035065651, 0.10126081109046936, 0.1012764573097229, 0.10141900926828384, 0.10125458985567093, 0.10128067433834076, 0.10117427259683609, 0.10115873068571091, 0.10108810663223267, 0.10105631500482559, 0.10098402202129364, 0.10093860328197479, 0.10100576281547546, 0.10088559240102768, 0.10086586326360703, 0.10084328800439835, 0.10066429525613785, 0.10076889395713806, 0.10076619684696198, 0.10073646157979965, 0.10070071369409561, 0.1007266417145729, 0.10068508237600327, 0.10072361677885056, 0.10057059675455093, 0.10048692673444748, 0.10058827698230743, 0.10047999769449234, 0.10049465298652649, 0.10039259493350983, 0.10040760040283203, 0.10039177536964417, 0.10038331896066666, 0.10040470957756042, 0.10030439496040344, 0.10028708726167679, 0.1001950278878212, 0.10020318627357483, 0.10013953596353531, 0.1001548022031784, 0.10013635456562042, 0.10006371885538101, 0.10008623450994492, 0.09997255355119705, 0.10002394765615463, 0.09999173879623413, 0.09993258118629456, 0.09986083209514618, 0.0999755933880806, 0.09983105957508087, 0.09985333681106567, 0.0997966006398201, 0.09978185594081879, 0.09976913034915924, 0.09973451495170593, 0.09968385845422745, 0.09972019493579865, 0.09978070110082626, 0.09972704201936722, 0.09974700957536697, 0.09970176219940186, 0.09961804747581482, 0.09963342547416687, 0.09959697723388672, 0.09963342547416687, 0.09961125254631042, 0.09957708418369293, 0.09952731430530548], "val_loss": [0.018884306773543358, 0.018616894260048866, 0.019030574709177017, 0.018457787111401558, 0.018824979662895203, 0.020494939759373665, 0.018540654331445694, 0.01875433325767517, 0.018859893083572388, 0.018937885761260986, 0.019282691180706024, 0.018869569525122643, 0.01854906603693962, 0.019543305039405823, 0.019664814695715904, 0.01976925879716873, 0.020593365654349327, 0.01977074332535267, 0.019178587943315506, 0.01961132325232029, 0.020125729963183403, 0.019044306129217148, 0.01887618750333786, 0.02261641062796116, 0.01889600232243538, 0.01840033568441868, 0.019695935770869255, 0.019338982179760933, 0.019998054951429367, 0.021183229982852936, 0.019999707117676735, 0.01886686496436596, 0.019758084788918495, 0.02017928473651409, 0.01905203051865101, 0.018954910337924957, 0.019430233165621758, 0.01823941431939602, 0.019883785396814346, 0.020066309720277786, 0.01959681138396263, 0.019319502636790276, 0.020627737045288086, 0.021251605823636055, 0.019368121400475502, 0.018839946016669273, 0.019800450652837753, 0.018794875591993332, 0.020048486068844795, 0.02031819149851799, 0.02006533183157444, 0.01987353526055813, 0.01946101151406765, 0.01936241239309311, 0.01914832927286625, 0.019718363881111145, 0.019789276644587517, 0.019590159878134727, 0.01978594996035099, 0.01904008723795414, 0.02044745720922947, 0.019085418432950974, 0.019949164241552353, 0.019707728177309036, 0.020336205139756203, 0.019716158509254456, 0.019484367221593857, 0.01982012577354908, 0.019364148378372192, 0.019290924072265625, 0.019166596233844757, 0.019912460818886757, 0.018779704347252846, 0.018797552213072777, 0.019464679062366486, 0.018663696944713593, 0.019894709810614586, 0.019093995913863182, 0.01912527345120907, 0.019679611548781395, 0.019136441871523857, 0.02015223354101181, 0.020561063662171364, 0.02074110321700573, 0.01979845017194748, 0.01852593943476677, 0.019766783341765404, 0.019687460735440254], "val_MAE": [0.1048639565706253, 0.10388053208589554, 0.10532309859991074, 0.10310830920934677, 0.10428847372531891, 0.10976763814687729, 0.1047516018152237, 0.1053171455860138, 0.10646460205316544, 0.10668186098337173, 0.10871444642543793, 0.10694075375795364, 0.10532072931528091, 0.10964392870664597, 0.10894154757261276, 0.11020885407924652, 0.11244750022888184, 0.1095341295003891, 0.10755655169487, 0.11001300811767578, 0.11159925907850266, 0.1072358787059784, 0.10611385852098465, 0.11897396296262741, 0.10681214183568954, 0.10402955114841461, 0.10993986576795578, 0.10838796943426132, 0.10965986549854279, 0.11514555662870407, 0.1112222671508789, 0.1070299968123436, 0.1107676774263382, 0.11037547886371613, 0.1078585609793663, 0.10631032288074493, 0.10883045941591263, 0.10331524908542633, 0.11003348976373672, 0.11106358468532562, 0.11073371767997742, 0.10844018310308456, 0.11312096565961838, 0.11555638909339905, 0.10823094844818115, 0.10623742640018463, 0.10966688394546509, 0.106378473341465, 0.11145679652690887, 0.11065077036619186, 0.11060607433319092, 0.1118195503950119, 0.10848138481378555, 0.10732529312372208, 0.10723619163036346, 0.10963835567235947, 0.11075873672962189, 0.10951552540063858, 0.11086832731962204, 0.106936976313591, 0.11131522059440613, 0.10729435086250305, 0.11180473119020462, 0.10935620218515396, 0.11145902425050735, 0.11055408418178558, 0.10994266718626022, 0.10982877761125565, 0.10950838774442673, 0.10940664261579514, 0.10802748054265976, 0.11084958910942078, 0.1059427559375763, 0.10695634037256241, 0.10919427126646042, 0.10663561522960663, 0.11040327697992325, 0.1081637293100357, 0.10742805153131485, 0.11048420518636703, 0.10776439309120178, 0.11218764632940292, 0.11345309764146805, 0.11323657631874084, 0.11001748591661453, 0.10594608634710312, 0.11054790765047073, 0.10984131693840027]}