{"loss": [0.13203631341457367, 0.047125522047281265, 0.04661620408296585, 0.045904796570539474, 0.04551618546247482, 0.0453827828168869, 0.045197561383247375, 0.04506490007042885, 0.044961657375097275, 0.04486073926091194, 0.044698867946863174, 0.04465799406170845, 0.04451804608106613, 0.0444602444767952, 0.04432984068989754, 0.044288888573646545, 0.0441797599196434, 0.044085871428251266, 0.0440342091023922, 0.043944139033555984, 0.04392285645008087, 0.043892983347177505, 0.043826811015605927, 0.04380141198635101, 0.043769389390945435, 0.04382138326764107, 0.04373761638998985, 0.04368416965007782, 0.043703317642211914, 0.04370381310582161, 0.04366206377744675, 0.043643806129693985, 0.04366099089384079, 0.0436098575592041, 0.04361959174275398, 0.04359530285000801, 0.043573878705501556, 0.043558042496442795, 0.043507643043994904, 0.04351453483104706, 0.043511874973773956, 0.04349781945347786, 0.04352938011288643, 0.043496474623680115, 0.043479565531015396, 0.04344579949975014, 0.04345737397670746, 0.043463367968797684, 0.043429650366306305, 0.04339290410280228, 0.04344639182090759, 0.04339670389890671, 0.04340019077062607, 0.04337528347969055, 0.043362393975257874, 0.04337698593735695, 0.04341569170355797, 0.0433693528175354, 0.04338303208351135, 0.04337460547685623, 0.04332831874489784, 0.04329947009682655, 0.043302036821842194, 0.043291252106428146, 0.04331761226058006, 0.04331188648939133, 0.04327959939837456, 0.04330591857433319, 0.0432804673910141, 0.0432470329105854, 0.043290529400110245, 0.04324958845973015, 0.043247830122709274, 0.043223705142736435, 0.0432024709880352, 0.04320058226585388, 0.04323112964630127, 0.04323709383606911, 0.0431956946849823, 0.04317367076873779, 0.04319364205002785, 0.04323336109519005], "MAE": [0.24725712835788727, 0.16972121596336365, 0.16862750053405762, 0.1671045571565628, 0.16626419126987457, 0.16598664224147797, 0.1656007468700409, 0.1652417778968811, 0.16508014500141144, 0.16484810411930084, 0.1644841879606247, 0.16441994905471802, 0.164144366979599, 0.16403594613075256, 0.16371892392635345, 0.16365058720111847, 0.16342605650424957, 0.16321727633476257, 0.16309864819049835, 0.16287995874881744, 0.16279351711273193, 0.1627388894557953, 0.16262756288051605, 0.16251537203788757, 0.16245292127132416, 0.16253270208835602, 0.16235247254371643, 0.16224586963653564, 0.1622682511806488, 0.16224589943885803, 0.16216865181922913, 0.16212411224842072, 0.1621856540441513, 0.16206136345863342, 0.16210488975048065, 0.16203607618808746, 0.16198334097862244, 0.16192875802516937, 0.1618504822254181, 0.1618635356426239, 0.16184577345848083, 0.16184508800506592, 0.16186758875846863, 0.16180790960788727, 0.16177411377429962, 0.16170506179332733, 0.16170883178710938, 0.16176579892635345, 0.16163840889930725, 0.16158074140548706, 0.1616460084915161, 0.1615852564573288, 0.16157041490077972, 0.1614929437637329, 0.16148090362548828, 0.16146351397037506, 0.16159388422966003, 0.16149750351905823, 0.16150620579719543, 0.16150470077991486, 0.16139093041419983, 0.1613273322582245, 0.16134940087795258, 0.16130508482456207, 0.1613575965166092, 0.16131973266601562, 0.16128675639629364, 0.16133518517017365, 0.16125771403312683, 0.1611839085817337, 0.161278635263443, 0.16121280193328857, 0.1612178087234497, 0.16116547584533691, 0.1611255556344986, 0.16108715534210205, 0.16116082668304443, 0.16114097833633423, 0.16107194125652313, 0.16103461384773254, 0.16107052564620972, 0.16113591194152832], "val_loss": [0.052500251680612564, 0.051210302859544754, 0.05180158466100693, 0.052735835313797, 0.049756549298763275, 0.049296677112579346, 0.05640436336398125, 0.05181020498275757, 0.04776037856936455, 0.05251658335328102, 0.05358796939253807, 0.05028330162167549, 0.054766930639743805, 0.052624210715293884, 0.05251355469226837, 0.05284653976559639, 0.051234129816293716, 0.05247325450181961, 0.051388055086135864, 0.05265866592526436, 0.05265302583575249, 0.04816874861717224, 0.05342670530080795, 0.052876316010951996, 0.05240725725889206, 0.04969188570976257, 0.054337576031684875, 0.050304993987083435, 0.04893037676811218, 0.0505906343460083, 0.05018743872642517, 0.04768192023038864, 0.04837600141763687, 0.0499122329056263, 0.04922373592853546, 0.050661902874708176, 0.049148380756378174, 0.04980200529098511, 0.052012551575899124, 0.050136785954236984, 0.05080148205161095, 0.0512055940926075, 0.051839444786310196, 0.05114339664578438, 0.05205034464597702, 0.05609910935163498, 0.05165782943367958, 0.053030870854854584, 0.05130734667181969, 0.04958939552307129, 0.05411829054355621, 0.050746526569128036, 0.05416153743863106, 0.04960482567548752, 0.05085286870598793, 0.053607817739248276, 0.051659904420375824, 0.050115957856178284, 0.050590772181749344, 0.05156853049993515, 0.052142124623060226, 0.04944675415754318, 0.04928291589021683, 0.04962031543254852, 0.04875361919403076, 0.04945514723658562, 0.05363069102168083, 0.04960865527391434, 0.0502152144908905, 0.049403175711631775, 0.04853847250342369, 0.05075901746749878, 0.05240340903401375, 0.05345432460308075, 0.04955526068806648, 0.051671262830495834, 0.0512310229241848, 0.052001338452100754, 0.051345549523830414, 0.05243321508169174, 0.050561342388391495, 0.05041903629899025], "val_MAE": [0.18284329771995544, 0.18156221508979797, 0.18299247324466705, 0.1833494007587433, 0.17809221148490906, 0.17771252989768982, 0.19024255871772766, 0.18283264338970184, 0.17403686046600342, 0.18300460278987885, 0.18550607562065125, 0.17810244858264923, 0.1868523210287094, 0.18235689401626587, 0.18252670764923096, 0.18275459110736847, 0.18019744753837585, 0.18279601633548737, 0.18016232550144196, 0.18293678760528564, 0.1819840520620346, 0.17498885095119476, 0.184490367770195, 0.18393030762672424, 0.18314720690250397, 0.17829740047454834, 0.18617719411849976, 0.17856886982917786, 0.1755966693162918, 0.17927657067775726, 0.17853853106498718, 0.17379264533519745, 0.17443262040615082, 0.1778944432735443, 0.17645962536334991, 0.17952457070350647, 0.17770853638648987, 0.1778179109096527, 0.18220777809619904, 0.17906568944454193, 0.1795213371515274, 0.18083153665065765, 0.18184061348438263, 0.18038152158260345, 0.182410329580307, 0.18963201344013214, 0.18184688687324524, 0.18393753468990326, 0.18086932599544525, 0.1775262951850891, 0.18597371876239777, 0.18102610111236572, 0.18633313477039337, 0.17745530605316162, 0.17977948486804962, 0.18574777245521545, 0.18157348036766052, 0.17822977900505066, 0.17930254340171814, 0.18152841925621033, 0.18359375, 0.1775316298007965, 0.17651613056659698, 0.17820627987384796, 0.17521435022354126, 0.17713695764541626, 0.18484045565128326, 0.17810069024562836, 0.18016447126865387, 0.17777997255325317, 0.1757190227508545, 0.1796347051858902, 0.18345953524112701, 0.18624469637870789, 0.17859162390232086, 0.18168139457702637, 0.1815536469221115, 0.18252825736999512, 0.1810443103313446, 0.1835339069366455, 0.1801566630601883, 0.18041527271270752]}