{"loss": [0.10363601893186569, 0.020266523584723473, 0.020171992480754852, 0.020137537270784378, 0.020005904138088226, 0.019951656460762024, 0.019906284287571907, 0.019795745611190796, 0.019701095297932625, 0.019619688391685486, 0.019563695415854454, 0.01944945938885212, 0.019357848912477493, 0.019287126138806343, 0.01921302080154419, 0.01917782984673977, 0.019130799919366837, 0.019103042781352997, 0.01909014768898487, 0.019054172560572624, 0.01904062181711197, 0.019021447747945786, 0.019029362127184868, 0.01902160421013832, 0.01898340694606304, 0.019002748653292656, 0.018985852599143982, 0.018976876512169838, 0.018980352208018303, 0.01897437684237957, 0.01896374113857746, 0.018980933353304863, 0.018958186730742455, 0.01894296705722809, 0.0189540833234787, 0.018926624208688736, 0.018915953114628792, 0.01889563724398613, 0.018901418894529343, 0.01887393370270729, 0.018868539482355118, 0.018845241516828537, 0.018851635977625847, 0.018851881846785545, 0.018849700689315796, 0.018836088478565216, 0.01880880631506443, 0.018808864057064056, 0.018803836777806282, 0.01879219524562359, 0.018764102831482887, 0.018779903650283813, 0.018765384331345558, 0.018755972385406494, 0.018788207322359085, 0.018766172230243683, 0.01873982697725296, 0.018740350380539894, 0.018728559836745262, 0.01873222179710865, 0.01871172897517681, 0.018720654770731926, 0.018695266917347908, 0.01868094876408577, 0.018681129440665245, 0.018683066591620445], "MAE": [0.1898532658815384, 0.1087135449051857, 0.10840755701065063, 0.10833839327096939, 0.10795602202415466, 0.10770357400178909, 0.10756237059831619, 0.10716933757066727, 0.10678578168153763, 0.1065058708190918, 0.10626689344644547, 0.1058025062084198, 0.10548702627420425, 0.10526355355978012, 0.1050194799900055, 0.10492511838674545, 0.10479306429624557, 0.1046500876545906, 0.10462785512208939, 0.10446747392416, 0.10442857444286346, 0.10437248647212982, 0.10438214987516403, 0.10434145480394363, 0.10418832302093506, 0.10426100343465805, 0.1042248085141182, 0.10415075719356537, 0.10417372733354568, 0.10413870215415955, 0.10410049557685852, 0.10416875034570694, 0.1040664091706276, 0.10401204228401184, 0.10405486077070236, 0.10394439101219177, 0.10392321646213531, 0.10385406017303467, 0.10387519001960754, 0.10377360135316849, 0.10377158969640732, 0.10369736701250076, 0.10373188555240631, 0.10372767597436905, 0.10369297862052917, 0.10366437584161758, 0.10357385128736496, 0.1035870835185051, 0.10354187339544296, 0.10352177172899246, 0.10344491899013519, 0.10350524634122849, 0.10344626754522324, 0.1034480556845665, 0.10354408621788025, 0.10348203033208847, 0.10339076071977615, 0.10341309756040573, 0.10337603837251663, 0.1033858209848404, 0.10331413894891739, 0.10334625095129013, 0.10324414819478989, 0.1032140702009201, 0.10321929305791855, 0.10323377698659897], "val_loss": [0.019500840455293655, 0.019728630781173706, 0.01968439668416977, 0.019424963742494583, 0.019371720030903816, 0.01935683749616146, 0.02056008018553257, 0.019474199041724205, 0.019132375717163086, 0.019181406125426292, 0.019167648628354073, 0.019161799922585487, 0.01969601958990097, 0.01977694034576416, 0.01974371448159218, 0.019212501123547554, 0.021221395581960678, 0.020886240527033806, 0.0203295536339283, 0.02083410695195198, 0.02025347203016281, 0.022100232541561127, 0.02174357697367668, 0.019756793975830078, 0.02334153652191162, 0.020545678213238716, 0.019856063649058342, 0.0220931563526392, 0.022245964035391808, 0.02139827236533165, 0.021321915090084076, 0.020240172743797302, 0.021116629242897034, 0.02074705995619297, 0.020285796374082565, 0.021040167659521103, 0.021131888031959534, 0.02158248983323574, 0.02099333330988884, 0.021256042644381523, 0.020580420270562172, 0.022632166743278503, 0.02283407934010029, 0.02135384827852249, 0.022447720170021057, 0.020311297848820686, 0.020486576482653618, 0.021094102412462234, 0.021079281345009804, 0.02166079171001911, 0.02043895050883293, 0.02203713171184063, 0.02385578863322735, 0.02074694074690342, 0.02059021405875683, 0.021950295194983482, 0.02110794000327587, 0.021594833582639694, 0.02212470769882202, 0.02194068394601345, 0.02029520645737648, 0.021561797708272934, 0.021363912150263786, 0.021585416048765182, 0.020136283710598946, 0.02079467847943306], "val_MAE": [0.10627992451190948, 0.10688861459493637, 0.10673055052757263, 0.10592322796583176, 0.10547156631946564, 0.10545264184474945, 0.10936765372753143, 0.10580457001924515, 0.1050005704164505, 0.10532939434051514, 0.10575489699840546, 0.10579347610473633, 0.10920828580856323, 0.1096857488155365, 0.10855201631784439, 0.10562381148338318, 0.11486931890249252, 0.11231838911771774, 0.11056340485811234, 0.11265218257904053, 0.10993440449237823, 0.11656980216503143, 0.11519244313240051, 0.10802539438009262, 0.11972373723983765, 0.11119740456342697, 0.10940378904342651, 0.11612530052661896, 0.11690022796392441, 0.1131553053855896, 0.11457166075706482, 0.10984097421169281, 0.11393900215625763, 0.1121785044670105, 0.10962174087762833, 0.113444983959198, 0.11320089548826218, 0.11330080032348633, 0.11255381256341934, 0.11337698996067047, 0.11201663315296173, 0.11894895136356354, 0.12015534192323685, 0.11296510696411133, 0.11767859756946564, 0.10945592820644379, 0.11137768626213074, 0.11156096309423447, 0.11183259636163712, 0.1148940771818161, 0.10968835651874542, 0.11670107394456863, 0.12216248363256454, 0.1120159849524498, 0.1115906685590744, 0.1164742037653923, 0.11192825436592102, 0.11488978564739227, 0.11698777228593826, 0.11493557691574097, 0.10889236629009247, 0.11452393978834152, 0.11403151601552963, 0.11475726962089539, 0.1091911643743515, 0.11217372119426727]}