{"loss": [0.10993865132331848, 0.042559992522001266, 0.042281609028577805, 0.04191318899393082, 0.04147551581263542, 0.04121018573641777, 0.04085324704647064, 0.040754444897174835, 0.04063800349831581, 0.04059085249900818, 0.04053020849823952, 0.0404789075255394, 0.04038924351334572, 0.040313977748155594, 0.04031262546777725, 0.04025772213935852, 0.04024925455451012, 0.04018661379814148, 0.040120985358953476, 0.04012026637792587, 0.04010564461350441, 0.04005313664674759, 0.040069397538900375, 0.04000864550471306, 0.040026385337114334, 0.039994873106479645, 0.03996725380420685, 0.03995784744620323, 0.03994456306099892, 0.03988979011774063, 0.039849914610385895, 0.039844173938035965, 0.03983166441321373, 0.03984038159251213, 0.03982912003993988, 0.03978828713297844, 0.03984296694397926, 0.03977733850479126, 0.03974650800228119, 0.03976694121956825, 0.039708126336336136, 0.03972998633980751, 0.03970525041222572, 0.03970295563340187, 0.03970756754279137, 0.039717111736536026, 0.03968722000718117, 0.03965343162417412, 0.03966451808810234, 0.039644431322813034, 0.039645664393901825, 0.03963534161448479, 0.03962734341621399, 0.03961040452122688, 0.03960761800408363, 0.03962371498346329, 0.03959448263049126, 0.039593566209077835, 0.039605654776096344, 0.03957725688815117, 0.03958878666162491, 0.039579302072525024, 0.0395682118833065, 0.039578136056661606, 0.03955526277422905, 0.03956165909767151, 0.03952168673276901, 0.0395357571542263, 0.03953519091010094, 0.039561644196510315], "MAE": [0.22180438041687012, 0.16085246205329895, 0.1602151095867157, 0.1594020575284958, 0.1584634929895401, 0.1578565388917923, 0.1570626050233841, 0.15681444108486176, 0.15655171871185303, 0.15644069015979767, 0.1562565118074417, 0.15611480176448822, 0.15589451789855957, 0.15570195019245148, 0.15571829676628113, 0.15554843842983246, 0.15553322434425354, 0.1553962528705597, 0.15525077283382416, 0.15526613593101501, 0.15521179139614105, 0.15511448681354523, 0.15510283410549164, 0.15499891340732574, 0.15501616895198822, 0.154950812458992, 0.15490394830703735, 0.15487004816532135, 0.15481668710708618, 0.15469752252101898, 0.1546260416507721, 0.15462486445903778, 0.15456455945968628, 0.15460115671157837, 0.15454933047294617, 0.15449245274066925, 0.15460844337940216, 0.15442606806755066, 0.15436719357967377, 0.1544056385755539, 0.15429048240184784, 0.15432971715927124, 0.1542433351278305, 0.15426407754421234, 0.1542382389307022, 0.1542760133743286, 0.15419074892997742, 0.1541108936071396, 0.15413504838943481, 0.1541213095188141, 0.1541159749031067, 0.154080331325531, 0.15407253801822662, 0.15403693914413452, 0.15401314198970795, 0.15405136346817017, 0.15398545563220978, 0.15398246049880981, 0.15399587154388428, 0.15391941368579865, 0.15394198894500732, 0.15391817688941956, 0.15390115976333618, 0.15395678579807281, 0.15390676259994507, 0.1538512259721756, 0.15379591286182404, 0.15383638441562653, 0.15383201837539673, 0.15388676524162292], "val_loss": [0.05634455382823944, 0.04756168648600578, 0.05062378570437431, 0.047917287796735764, 0.04569655656814575, 0.051609840244054794, 0.04347331076860428, 0.05353426933288574, 0.046730950474739075, 0.05113460123538971, 0.046626582741737366, 0.045181598514318466, 0.047486498951911926, 0.043159227818250656, 0.04798634722828865, 0.04608551785349846, 0.04725455492734909, 0.046285420656204224, 0.046525806188583374, 0.04231492429971695, 0.04670773819088936, 0.045132435858249664, 0.04705648869276047, 0.05136948823928833, 0.045572347939014435, 0.044472597539424896, 0.04728445038199425, 0.04304189234972, 0.04599998891353607, 0.044343382120132446, 0.0470564030110836, 0.04578620195388794, 0.048628129065036774, 0.04607396945357323, 0.04840314760804176, 0.05289505422115326, 0.04744590446352959, 0.04277082905173302, 0.04555734619498253, 0.04606115072965622, 0.05201909691095352, 0.046412594616413116, 0.04481307417154312, 0.044729240238666534, 0.049846746027469635, 0.04416065663099289, 0.04676613211631775, 0.047437477856874466, 0.04617481678724289, 0.046345148235559464, 0.046046819537878036, 0.04523570090532303, 0.04651179537177086, 0.0457376129925251, 0.044963013380765915, 0.04572809860110283, 0.04391510412096977, 0.04527599737048149, 0.0460931695997715, 0.04735923931002617, 0.046230051666498184, 0.045266102999448776, 0.04329632967710495, 0.04398364573717117, 0.04794895648956299, 0.04968077689409256, 0.046048473566770554, 0.04559885337948799, 0.044600408524274826, 0.04659304767847061], "val_MAE": [0.1897033303976059, 0.17515578866004944, 0.17956006526947021, 0.17455212771892548, 0.17076966166496277, 0.1811705380678177, 0.16675736010074615, 0.1862703412771225, 0.1739383190870285, 0.18182991445064545, 0.17240139842033386, 0.16860494017601013, 0.1741175353527069, 0.16474157571792603, 0.17534421384334564, 0.17140382528305054, 0.17449036240577698, 0.17163313925266266, 0.17241574823856354, 0.16175013780593872, 0.171846404671669, 0.17030279338359833, 0.17386038601398468, 0.18321393430233002, 0.1711852252483368, 0.1682070642709732, 0.1739208698272705, 0.16450761258602142, 0.17085397243499756, 0.16841164231300354, 0.1729482263326645, 0.17010065913200378, 0.17704787850379944, 0.17117959260940552, 0.17576998472213745, 0.1852583885192871, 0.1741444617509842, 0.16398514807224274, 0.16982226073741913, 0.16982664167881012, 0.1833033412694931, 0.17256544530391693, 0.1690903604030609, 0.169173002243042, 0.17981280386447906, 0.16646121442317963, 0.1729448288679123, 0.17388471961021423, 0.17151296138763428, 0.17232751846313477, 0.1711447536945343, 0.1695251166820526, 0.1731601506471634, 0.17061659693717957, 0.16815413534641266, 0.17076952755451202, 0.1657547950744629, 0.1687706708908081, 0.1712995320558548, 0.17385601997375488, 0.17281004786491394, 0.17030425369739532, 0.16567420959472656, 0.16680708527565002, 0.17525450885295868, 0.17846576869487762, 0.17161397635936737, 0.17098557949066162, 0.16821689903736115, 0.17273345589637756]}