{"loss": [0.09366349875926971, 0.024176398292183876, 0.02406689152121544, 0.023845402523875237, 0.023640986531972885, 0.023534363135695457, 0.02340317703783512, 0.023254720494151115, 0.023131882771849632, 0.023140743374824524, 0.023038160055875778, 0.023087549954652786, 0.022896232083439827, 0.02287949062883854, 0.022839190438389778, 0.02273411862552166, 0.022643521428108215, 0.022651925683021545, 0.022664260119199753, 0.02258003130555153, 0.0225716270506382, 0.022609824314713478, 0.02259914018213749, 0.022578824311494827, 0.022507768124341965, 0.02252773381769657, 0.02254594676196575, 0.022517703473567963, 0.022479739040136337, 0.022498704493045807, 0.022415833547711372, 0.022441569715738297, 0.022467903792858124, 0.022711189463734627, 0.022414954379200935, 0.0223737433552742, 0.022354597225785255, 0.022410156205296516, 0.022396117448806763, 0.022378334775567055, 0.022392110899090767, 0.022411687299609184, 0.022355234250426292, 0.022371625527739525, 0.022360604256391525, 0.02233455330133438, 0.022359579801559448, 0.022352352738380432, 0.022472187876701355, 0.02248969115316868, 0.022445937618613243, 0.022361664101481438, 0.02233271114528179, 0.02243642881512642, 0.022369882091879845, 0.022353950887918472, 0.02235814370214939, 0.022386133670806885, 0.02235187217593193, 0.022647403180599213, 0.0224194023758173, 0.022329680621623993, 0.022315137088298798, 0.022354688495397568, 0.022391438484191895, 0.022345447912812233, 0.022351423278450966, 0.022701136767864227, 0.02282610535621643, 0.02249276451766491, 0.022436298429965973, 0.02244270034134388, 0.022399453446269035, 0.02234424278140068, 0.022367212921380997], "MAE": [0.18522779643535614, 0.1195865124464035, 0.11911093443632126, 0.11835066229104996, 0.11767961084842682, 0.11731097847223282, 0.11694155633449554, 0.11645776033401489, 0.11609695106744766, 0.11614508926868439, 0.11586248129606247, 0.11599496006965637, 0.11542951315641403, 0.11538238078355789, 0.11529257148504257, 0.11497090011835098, 0.11465320736169815, 0.11467226594686508, 0.11465522646903992, 0.1144382581114769, 0.11438293755054474, 0.11457157135009766, 0.11459705233573914, 0.11448259651660919, 0.11428140103816986, 0.11435015499591827, 0.1144222542643547, 0.11430126428604126, 0.11418937146663666, 0.11429033428430557, 0.11395356804132462, 0.11405369639396667, 0.11412705481052399, 0.1148744449019432, 0.11391456425189972, 0.1137867122888565, 0.11372016370296478, 0.1139250099658966, 0.11388993263244629, 0.11382528394460678, 0.11387080699205399, 0.1139141246676445, 0.11375188082456589, 0.11376682668924332, 0.11374709755182266, 0.11366989463567734, 0.1137482300400734, 0.11371014267206192, 0.11406736075878143, 0.11409816890954971, 0.1140560433268547, 0.11372708529233932, 0.11359187960624695, 0.11395666748285294, 0.11373690515756607, 0.11367761343717575, 0.1137021854519844, 0.11374388635158539, 0.1136925220489502, 0.11459123343229294, 0.11391125619411469, 0.11366911232471466, 0.11352984607219696, 0.11376357078552246, 0.11383538693189621, 0.11365431547164917, 0.11363887786865234, 0.11466475576162338, 0.11517051607370377, 0.11415140330791473, 0.11397483199834824, 0.11405722796916962, 0.11389447003602982, 0.11369859427213669, 0.11379194259643555], "val_loss": [0.023861944675445557, 0.024002883583307266, 0.02352076955139637, 0.02448713779449463, 0.02482013590633869, 0.024197418242692947, 0.024285437539219856, 0.025515316054224968, 0.024772996082901955, 0.026306480169296265, 0.024776943027973175, 0.023344287648797035, 0.026339804753661156, 0.024105999618768692, 0.026371082291007042, 0.02630358748137951, 0.026126381009817123, 0.024913374334573746, 0.02479395642876625, 0.025513621047139168, 0.025685761123895645, 0.024925153702497482, 0.024655049666762352, 0.026830650866031647, 0.024255026131868362, 0.02704727277159691, 0.026773901656270027, 0.024773672223091125, 0.025059785693883896, 0.024280954152345657, 0.024718482047319412, 0.02617967687547207, 0.025418665260076523, 0.024963293224573135, 0.025804370641708374, 0.025477759540081024, 0.025554655119776726, 0.02627360261976719, 0.026628319174051285, 0.02510044164955616, 0.02635730803012848, 0.026008769869804382, 0.02537415362894535, 0.031429991126060486, 0.0259998831897974, 0.024840988218784332, 0.025194263085722923, 0.025718534365296364, 0.029121873900294304, 0.028436381369829178, 0.026031408458948135, 0.025590520352125168, 0.02676822431385517, 0.0251522958278656, 0.02669849805533886, 0.02535279281437397, 0.02680988609790802, 0.026910079643130302, 0.026257149875164032, 0.02683015912771225, 0.026245854794979095, 0.02496747486293316, 0.025462966412305832, 0.026768913492560387, 0.02604369819164276, 0.025457726791501045, 0.027093522250652313, 0.025915028527379036, 0.026521652936935425, 0.025956442579627037, 0.025909047573804855, 0.02593057230114937, 0.024680135771632195, 0.025981932878494263, 0.025584658607840538], "val_MAE": [0.11865575611591339, 0.11887571215629578, 0.11739320307970047, 0.12121567130088806, 0.12301281839609146, 0.12255144864320755, 0.12324340641498566, 0.1259523332118988, 0.12475883960723877, 0.1284324824810028, 0.12477632611989975, 0.11942816525697708, 0.1295892745256424, 0.12219879031181335, 0.1284952461719513, 0.1289677917957306, 0.12874609231948853, 0.12495458126068115, 0.1236158236861229, 0.12784838676452637, 0.1266695261001587, 0.12434816360473633, 0.12346958369016647, 0.1303575038909912, 0.12058055400848389, 0.13150927424430847, 0.1295374631881714, 0.1242421418428421, 0.1244356632232666, 0.1233377754688263, 0.12432324141263962, 0.1301899254322052, 0.1262034922838211, 0.1250375360250473, 0.128090500831604, 0.1259031891822815, 0.1263877898454666, 0.1281387209892273, 0.12910234928131104, 0.12476620078086853, 0.1289701610803604, 0.12844038009643555, 0.12477800250053406, 0.1443786472082138, 0.12742234766483307, 0.12490019202232361, 0.12508879601955414, 0.12687735259532928, 0.1377960443496704, 0.13470488786697388, 0.12754404544830322, 0.12696200609207153, 0.12922215461730957, 0.12497159093618393, 0.1293286383152008, 0.12576159834861755, 0.12964969873428345, 0.13066567480564117, 0.12930743396282196, 0.13117367029190063, 0.12782259285449982, 0.1241152212023735, 0.12538154423236847, 0.12971282005310059, 0.12676458060741425, 0.12594586610794067, 0.13029156625270844, 0.12770141661167145, 0.12956947088241577, 0.12821334600448608, 0.12807327508926392, 0.12792636454105377, 0.12351483106613159, 0.1279517412185669, 0.12711933255195618]}