{"loss": [0.15478526055812836, 0.05268967151641846, 0.05212312191724777, 0.051737651228904724, 0.05136066675186157, 0.05092545598745346, 0.05040764808654785, 0.05016864091157913, 0.04997757822275162, 0.04987209662795067, 0.049741245806217194, 0.04962419718503952, 0.04959484562277794, 0.04951101541519165, 0.04942106455564499, 0.049308501183986664, 0.04912320151925087, 0.04903818666934967, 0.04899037256836891, 0.048892825841903687, 0.048882607370615005, 0.048844076693058014, 0.04880951717495918, 0.04870032146573067, 0.0486835353076458, 0.048630207777023315, 0.04861221835017204, 0.048586051911115646, 0.04854036122560501, 0.04849783703684807, 0.04846740886569023, 0.048412472009658813, 0.04837946593761444, 0.048292409628629684, 0.04833224415779114, 0.048257842659950256, 0.04826047271490097, 0.048192959278821945, 0.04820365831255913, 0.04821537435054779, 0.04816576838493347, 0.04819318279623985, 0.04811982437968254, 0.048120878636837006, 0.0481194332242012, 0.0481083020567894, 0.04807751625776291, 0.04806143045425415, 0.048036858439445496, 0.048052698373794556, 0.04802174121141434, 0.04802722856402397, 0.04797349125146866, 0.04802558943629265, 0.04797336831688881, 0.047974664717912674, 0.04794874042272568, 0.04794768989086151, 0.047940339893102646, 0.04791554436087608, 0.047950439155101776, 0.04794521629810333, 0.04791833460330963, 0.04789021983742714, 0.04789969325065613, 0.047885455191135406, 0.04788495600223541, 0.04783535376191139], "MAE": [0.27152302861213684, 0.17972534894943237, 0.1786360740661621, 0.17786243557929993, 0.17725960910320282, 0.1764078289270401, 0.1754128485918045, 0.1749294549226761, 0.17457598447799683, 0.1743292361497879, 0.17408344149589539, 0.17378182709217072, 0.1737395077943802, 0.17354027926921844, 0.17331525683403015, 0.17306864261627197, 0.1726747304201126, 0.17252600193023682, 0.17239543795585632, 0.17220067977905273, 0.1721723973751068, 0.1720675230026245, 0.17201963067054749, 0.17177921533584595, 0.1717037558555603, 0.17163066565990448, 0.1715809851884842, 0.17153234779834747, 0.1714077889919281, 0.17131204903125763, 0.17127667367458344, 0.1711428016424179, 0.1710309535264969, 0.1708604246377945, 0.17096272110939026, 0.17080922424793243, 0.17080903053283691, 0.1706891506910324, 0.1706668585538864, 0.17070665955543518, 0.17058983445167542, 0.17064136266708374, 0.1704634428024292, 0.17049069702625275, 0.1704581379890442, 0.17044396698474884, 0.17038783431053162, 0.1703241467475891, 0.1703011840581894, 0.17026640474796295, 0.1702316254377365, 0.1702517867088318, 0.1701451987028122, 0.17023225128650665, 0.1701219379901886, 0.17010188102722168, 0.17008385062217712, 0.17006243765354156, 0.17005492746829987, 0.16998788714408875, 0.170054093003273, 0.17004771530628204, 0.17000780999660492, 0.1698998659849167, 0.16998043656349182, 0.16996338963508606, 0.16993875801563263, 0.1698245406150818], "val_loss": [0.0546451210975647, 0.05607322230935097, 0.05231130123138428, 0.058299027383327484, 0.05537823587656021, 0.06026151776313782, 0.05816102772951126, 0.06534820050001144, 0.05358393117785454, 0.05719628930091858, 0.054713524878025055, 0.05875165015459061, 0.06518147885799408, 0.05436917766928673, 0.054024189710617065, 0.05703248083591461, 0.05793437734246254, 0.05346158891916275, 0.05452379956841469, 0.05529588833451271, 0.06025203317403793, 0.05570565164089203, 0.05520189553499222, 0.056446757167577744, 0.05433029308915138, 0.05748693272471428, 0.059114303439855576, 0.055218715220689774, 0.05788547173142433, 0.05547195300459862, 0.05497349426150322, 0.05943560600280762, 0.05813094601035118, 0.05583074688911438, 0.05875803530216217, 0.05985096096992493, 0.057081855833530426, 0.05585430562496185, 0.05559583008289337, 0.058663804084062576, 0.05555735155940056, 0.05550716444849968, 0.054486922919750214, 0.05531690642237663, 0.06215817853808403, 0.05600207298994064, 0.05426371097564697, 0.05632278323173523, 0.05620470270514488, 0.0556250624358654, 0.05624324083328247, 0.05810702219605446, 0.05539791285991669, 0.0554954968392849, 0.056234996765851974, 0.054756589233875275, 0.05671054497361183, 0.05706603452563286, 0.0547511950135231, 0.059300653636455536, 0.06068309769034386, 0.05820425599813461, 0.0591496042907238, 0.05530780926346779, 0.05576774850487709, 0.0556013248860836, 0.05629658326506615, 0.05685604736208916], "val_MAE": [0.18720684945583344, 0.1890670210123062, 0.18340912461280823, 0.19309990108013153, 0.18742336332798004, 0.19525843858718872, 0.19304361939430237, 0.2051081508398056, 0.18480803072452545, 0.191873699426651, 0.18674466013908386, 0.19319410622119904, 0.20479083061218262, 0.18619287014007568, 0.18556922674179077, 0.19015958905220032, 0.19224900007247925, 0.18271537125110626, 0.18544383347034454, 0.18762129545211792, 0.19625511765480042, 0.18832692503929138, 0.18614676594734192, 0.18929074704647064, 0.18425455689430237, 0.19193649291992188, 0.19561195373535156, 0.1868247091770172, 0.1918180137872696, 0.18844860792160034, 0.18676801025867462, 0.195394366979599, 0.19341455399990082, 0.18937057256698608, 0.19424882531166077, 0.1958085000514984, 0.1900302767753601, 0.18831951916217804, 0.18781429529190063, 0.19432443380355835, 0.18745668232440948, 0.18745464086532593, 0.18483780324459076, 0.1876133531332016, 0.2003856599330902, 0.1888638138771057, 0.1861467957496643, 0.18885333836078644, 0.1892600655555725, 0.18796753883361816, 0.18833836913108826, 0.19279968738555908, 0.1873728185892105, 0.18821758031845093, 0.19007685780525208, 0.18589067459106445, 0.18935023248195648, 0.190339133143425, 0.18698066473007202, 0.19511280953884125, 0.19744081795215607, 0.19361363351345062, 0.19447390735149384, 0.18794479966163635, 0.18854688107967377, 0.18763381242752075, 0.19022051990032196, 0.19083310663700104]}