{"loss": [0.14410558342933655, 0.03326830640435219, 0.03284500539302826, 0.03263095021247864, 0.03247879073023796, 0.03232279047369957, 0.03227834776043892, 0.03217334300279617, 0.03207768499851227, 0.03198700398206711, 0.031895995140075684, 0.031819216907024384, 0.03169514611363411, 0.031708378344774246, 0.03160221502184868, 0.03155658021569252, 0.031488291919231415, 0.03144978731870651, 0.03135789558291435, 0.031358763575553894, 0.031274162232875824, 0.03122750110924244, 0.031155267730355263, 0.031127670779824257, 0.031075552105903625, 0.03107200749218464, 0.031102338805794716, 0.031013255938887596, 0.031032701954245567, 0.03099622204899788, 0.030956700444221497, 0.03092537634074688, 0.0309292022138834, 0.030889328569173813, 0.03089311346411705, 0.030896613374352455, 0.030845921486616135, 0.03085218369960785, 0.030844252556562424, 0.030833322554826736, 0.030809767544269562, 0.030780965462327003, 0.030795974656939507, 0.030760476365685463, 0.030748959630727768, 0.030751217156648636, 0.03073658049106598, 0.0307054091244936, 0.030709654092788696, 0.030697399750351906, 0.03070244751870632, 0.030695131048560143, 0.03066372312605381, 0.030718088150024414, 0.0306719783693552, 0.030634136870503426, 0.030639072880148888, 0.03064887970685959, 0.03062649443745613, 0.030646078288555145, 0.03060643933713436, 0.030635958537459373, 0.03057626262307167, 0.03058537468314171, 0.03058219514787197, 0.030599435791373253, 0.03057268261909485, 0.030602239072322845, 0.030549250543117523, 0.03056958317756653, 0.030548959970474243, 0.030579082667827606, 0.030571799725294113, 0.030533714219927788, 0.030578037723898888, 0.030527077615261078, 0.030540337786078453, 0.0305168479681015, 0.03051120601594448, 0.030522707849740982, 0.030523592606186867, 0.0305254478007555, 0.03052101656794548], "MAE": [0.244445338845253, 0.14125196635723114, 0.14014580845832825, 0.13956190645694733, 0.13921022415161133, 0.1388809233903885, 0.13872617483139038, 0.13853956758975983, 0.13828757405281067, 0.13810396194458008, 0.1378689855337143, 0.1376630961894989, 0.13738557696342468, 0.13734519481658936, 0.13705703616142273, 0.13697463274002075, 0.13674107193946838, 0.13666945695877075, 0.13645991683006287, 0.13646864891052246, 0.13623382151126862, 0.13611525297164917, 0.13591937720775604, 0.1358695775270462, 0.13569119572639465, 0.13570114970207214, 0.1357877254486084, 0.13554398715496063, 0.13557793200016022, 0.13546505570411682, 0.13535937666893005, 0.13532032072544098, 0.13531124591827393, 0.13519378006458282, 0.13516125082969666, 0.13520531356334686, 0.13506768643856049, 0.13502541184425354, 0.13507646322250366, 0.13500133156776428, 0.13497652113437653, 0.1348644644021988, 0.13489195704460144, 0.13478325307369232, 0.1347779780626297, 0.1347765475511551, 0.1347619593143463, 0.13465888798236847, 0.13465246558189392, 0.13463634252548218, 0.13461574912071228, 0.1346498727798462, 0.13452699780464172, 0.1346900910139084, 0.13454198837280273, 0.13443973660469055, 0.13445770740509033, 0.13445112109184265, 0.13440802693367004, 0.13445723056793213, 0.13435982167720795, 0.13443773984909058, 0.13429629802703857, 0.1342897117137909, 0.13425055146217346, 0.13433919847011566, 0.13425800204277039, 0.1343228816986084, 0.13418841361999512, 0.13423705101013184, 0.13418321311473846, 0.13427342474460602, 0.13421998918056488, 0.13415539264678955, 0.13424460589885712, 0.13412371277809143, 0.1341421753168106, 0.13408789038658142, 0.1340702474117279, 0.13408955931663513, 0.13408903777599335, 0.1341099590063095, 0.13409654796123505], "val_loss": [0.03269919380545616, 0.03464610129594803, 0.03730403631925583, 0.03354558348655701, 0.03517729043960571, 0.034551218152046204, 0.03588969632983208, 0.03515264764428139, 0.034671615809202194, 0.036365460604429245, 0.036981139332056046, 0.03548320382833481, 0.035306062549352646, 0.0360037200152874, 0.03511207550764084, 0.03497925028204918, 0.03849207982420921, 0.03510385751724243, 0.033519331365823746, 0.03704166039824486, 0.03786114975810051, 0.03362138196825981, 0.038202472031116486, 0.03475720435380936, 0.03401380032300949, 0.03385461866855621, 0.03442669287323952, 0.03463488444685936, 0.036665212363004684, 0.03652789443731308, 0.03505885228514671, 0.03349151834845543, 0.03276873379945755, 0.03516170755028725, 0.034253720194101334, 0.03326837718486786, 0.034815963357686996, 0.03719150274991989, 0.03453579545021057, 0.03324795514345169, 0.033419396728277206, 0.03339425101876259, 0.03417139872908592, 0.03600788488984108, 0.03306185454130173, 0.03498787432909012, 0.03347226604819298, 0.03595158830285072, 0.03362695500254631, 0.03298438340425491, 0.03535425662994385, 0.034400440752506256, 0.034481920301914215, 0.03355986624956131, 0.03338997811079025, 0.03337383642792702, 0.03591649606823921, 0.032815832644701004, 0.03562157601118088, 0.03409746661782265, 0.03384340554475784, 0.035427458584308624, 0.03511781990528107, 0.03484551981091499, 0.035515718162059784, 0.03362303972244263, 0.03408757224678993, 0.03564818575978279, 0.034563031047582626, 0.03430156037211418, 0.03827124834060669, 0.03727491945028305, 0.035958025604486465, 0.03293545916676521, 0.03459303081035614, 0.03345413878560066, 0.03320394828915596, 0.03516428917646408, 0.0338706374168396, 0.03542583808302879, 0.03763364255428314, 0.03535478562116623, 0.036895863711833954], "val_MAE": [0.14102977514266968, 0.14744843542575836, 0.153131365776062, 0.1451050490140915, 0.15047471225261688, 0.14689858257770538, 0.14906156063079834, 0.14941155910491943, 0.14512735605239868, 0.15273061394691467, 0.15215159952640533, 0.14848805963993073, 0.14918911457061768, 0.15057353675365448, 0.1489054262638092, 0.14876940846443176, 0.15543140470981598, 0.1472695767879486, 0.14387713372707367, 0.15450485050678253, 0.1540384292602539, 0.1452481746673584, 0.1549006998538971, 0.14635296165943146, 0.14457115530967712, 0.14440074563026428, 0.14731253683567047, 0.1455441266298294, 0.151528462767601, 0.15158429741859436, 0.14620822668075562, 0.14345943927764893, 0.14232651889324188, 0.14766813814640045, 0.1459273099899292, 0.14330896735191345, 0.1469825953245163, 0.15361930429935455, 0.1470523327589035, 0.14334636926651, 0.14315739274024963, 0.14373809099197388, 0.1458766609430313, 0.15036262571811676, 0.1428488790988922, 0.14886502921581268, 0.14406630396842957, 0.15034809708595276, 0.14455635845661163, 0.1429399847984314, 0.1487640142440796, 0.14690695703029633, 0.14699651300907135, 0.1432936191558838, 0.14335402846336365, 0.1437412053346634, 0.14955542981624603, 0.14215803146362305, 0.1492784321308136, 0.14605845510959625, 0.14528508484363556, 0.14926716685295105, 0.14933809638023376, 0.14789332449436188, 0.14933140575885773, 0.1450270712375641, 0.14612716436386108, 0.14963218569755554, 0.14573998749256134, 0.14705945551395416, 0.1573707014322281, 0.15329861640930176, 0.15130965411663055, 0.1425206959247589, 0.14763791859149933, 0.14373305439949036, 0.14321626722812653, 0.14842770993709564, 0.14628750085830688, 0.1496783047914505, 0.15411856770515442, 0.14958155155181885, 0.15238165855407715]}