{"loss": [0.24579499661922455, 0.1042405217885971, 0.09868308901786804, 0.09629468619823456, 0.0944536030292511, 0.09320638328790665, 0.09220215678215027, 0.09155891090631485, 0.091244637966156, 0.09072114527225494, 0.09025555104017258, 0.08986806869506836, 0.08958259224891663, 0.08909080922603607, 0.0887993797659874, 0.08850596100091934, 0.08829803764820099, 0.08816192299127579, 0.08802742511034012, 0.08796583116054535, 0.08791746199131012, 0.08772130310535431, 0.08775852620601654, 0.08765018731355667, 0.08762010186910629, 0.08750670403242111, 0.0875200405716896, 0.08746203780174255, 0.08733311295509338, 0.08726520091295242, 0.08721602708101273, 0.08713129162788391, 0.08707857131958008, 0.08701208233833313, 0.08708173036575317, 0.08691854029893875, 0.08694342523813248, 0.08683548867702484, 0.08689150959253311, 0.08682149648666382, 0.086740642786026, 0.0867556631565094, 0.08672207593917847, 0.08662918210029602, 0.08659172058105469, 0.08657056838274002, 0.08655229210853577, 0.08648820221424103, 0.08647976070642471, 0.08645781874656677, 0.08645512908697128, 0.08643943071365356, 0.08633813261985779, 0.0864022821187973, 0.0863526314496994, 0.08632984757423401, 0.08632458746433258, 0.08629655092954636, 0.08629551529884338, 0.08622097223997116, 0.0862659141421318], "MAE": [0.3698216378688812, 0.25661179423332214, 0.24951457977294922, 0.24638621509075165, 0.2438545674085617, 0.24191708862781525, 0.24039867520332336, 0.23941124975681305, 0.23899497091770172, 0.23823699355125427, 0.2375553399324417, 0.23693901300430298, 0.2365817129611969, 0.23579876124858856, 0.23530982434749603, 0.234933003783226, 0.2346070557832718, 0.23440508544445038, 0.23415082693099976, 0.23402373492717743, 0.23399144411087036, 0.23371851444244385, 0.23382559418678284, 0.2335878312587738, 0.23357988893985748, 0.233354851603508, 0.2333686649799347, 0.23328366875648499, 0.23312713205814362, 0.23296953737735748, 0.23286156356334686, 0.23273779451847076, 0.23262692987918854, 0.23253655433654785, 0.23261785507202148, 0.23237742483615875, 0.2323726862668991, 0.23219674825668335, 0.23227821290493011, 0.23219291865825653, 0.2320566475391388, 0.23203788697719574, 0.23200790584087372, 0.2318703681230545, 0.23181183636188507, 0.23176977038383484, 0.23170262575149536, 0.23161908984184265, 0.2315601259469986, 0.23156225681304932, 0.23153632879257202, 0.23149925470352173, 0.231388121843338, 0.23143035173416138, 0.23138360679149628, 0.23127977550029755, 0.23128873109817505, 0.23124760389328003, 0.231255903840065, 0.23108281195163727, 0.23118047416210175], "val_loss": [0.09570775926113129, 0.09366423636674881, 0.09678031504154205, 0.09836128354072571, 0.1035265251994133, 0.09239086508750916, 0.0998416543006897, 0.09566299617290497, 0.09716729819774628, 0.10399485379457474, 0.09221333265304565, 0.09804512560367584, 0.10089682787656784, 0.09711047261953354, 0.09454303234815598, 0.10307178646326065, 0.09749149531126022, 0.10413845628499985, 0.09476231038570404, 0.09741532057523727, 0.10114039480686188, 0.09838389605283737, 0.10398582369089127, 0.09449224919080734, 0.09849026054143906, 0.10410557687282562, 0.09765046834945679, 0.09785066545009613, 0.09885349124670029, 0.09345360845327377, 0.10219567269086838, 0.09980671852827072, 0.10135229676961899, 0.10044641047716141, 0.0967029556632042, 0.09621754288673401, 0.09629573673009872, 0.09877917915582657, 0.0971006453037262, 0.10426217317581177, 0.09645462781190872, 0.10491732507944107, 0.1001460999250412, 0.0966097041964531, 0.1041383296251297, 0.10681053251028061, 0.10410045832395554, 0.09997307509183884, 0.10386895388364792, 0.10002152621746063, 0.10103845596313477, 0.09831704944372177, 0.10047518461942673, 0.10075158625841141, 0.10308640450239182, 0.09611029922962189, 0.10383294522762299, 0.10138221830129623, 0.09815527498722076, 0.10068304091691971, 0.10332253575325012], "val_MAE": [0.24767012894153595, 0.24773868918418884, 0.2509622573852539, 0.25138694047927856, 0.25713515281677246, 0.2445233166217804, 0.2535844147205353, 0.24770142138004303, 0.2497185319662094, 0.258498877286911, 0.24375008046627045, 0.2506166696548462, 0.2543084919452667, 0.24921461939811707, 0.24628514051437378, 0.2563377022743225, 0.25020644068717957, 0.25793495774269104, 0.2468443661928177, 0.24934040009975433, 0.25535309314727783, 0.2504865527153015, 0.25872430205345154, 0.2460140436887741, 0.2512976825237274, 0.2581447958946228, 0.24986256659030914, 0.250396192073822, 0.25168079137802124, 0.2445019781589508, 0.2564791440963745, 0.2528635859489441, 0.25447556376457214, 0.2532416582107544, 0.24893753230571747, 0.24881978332996368, 0.24928924441337585, 0.2522658109664917, 0.24896354973316193, 0.2583037316799164, 0.24850773811340332, 0.2590888738632202, 0.2537119388580322, 0.2489125281572342, 0.2590087056159973, 0.26280397176742554, 0.25896281003952026, 0.2543172538280487, 0.2588471472263336, 0.2529575824737549, 0.2547014355659485, 0.2512457072734833, 0.253179132938385, 0.2547627091407776, 0.2571375370025635, 0.24892136454582214, 0.25962305068969727, 0.2557930648326874, 0.25092920660972595, 0.2542097866535187, 0.25781211256980896]}