{"loss": [0.08399402350187302, 0.018440186977386475, 0.018025070428848267, 0.01794431172311306, 0.017867347225546837, 0.017795007675886154, 0.01776239462196827, 0.017693014815449715, 0.017569487914443016, 0.017554575577378273, 0.017543284222483635, 0.017521733418107033, 0.017475517466664314, 0.017494291067123413, 0.017452560365200043, 0.0174657441675663, 0.017452359199523926, 0.017427414655685425, 0.01743803545832634, 0.017405828461050987, 0.01742214523255825, 0.017376074567437172, 0.01736442558467388, 0.01737864874303341, 0.01737247221171856, 0.01737656071782112, 0.017355715855956078, 0.01732323132455349, 0.017324812710285187, 0.017320215702056885, 0.017303748056292534, 0.017314990982413292, 0.01731942966580391, 0.017287470400333405, 0.017279528081417084, 0.017275232821702957, 0.017307905480265617, 0.017275596037507057, 0.017289135605096817, 0.017275117337703705, 0.017257237806916237, 0.017250193282961845, 0.017264574766159058, 0.01725487783551216, 0.017223216593265533, 0.01721481792628765, 0.01720116287469864, 0.017227666452527046, 0.017216576263308525, 0.017221899703145027, 0.01721586473286152, 0.017186839133501053, 0.017174364998936653, 0.017170703038573265, 0.0172063447535038, 0.017189476639032364, 0.01717364601790905, 0.01718655228614807, 0.017172986641526222, 0.01718534715473652, 0.017188893631100655, 0.01714932546019554, 0.017179276794195175, 0.017158888280391693, 0.01717332936823368, 0.017132960259914398, 0.01715219020843506, 0.017145108431577682, 0.017151495441794395, 0.017158424481749535, 0.01714625209569931, 0.0171472430229187, 0.01713130995631218, 0.017133289948105812, 0.017116235569119453, 0.01713165082037449, 0.017129069194197655, 0.017124831676483154, 0.017117219045758247, 0.0171157568693161, 0.017096884548664093, 0.01710364781320095, 0.017101647332310677, 0.017083430662751198, 0.01708960346877575, 0.017060842365026474], "MAE": [0.1699506640434265, 0.10322274267673492, 0.10179951786994934, 0.10152022540569305, 0.1012500748038292, 0.10098988562822342, 0.10087321698665619, 0.10065298527479172, 0.10023856163024902, 0.10014142096042633, 0.10010195523500443, 0.1000218391418457, 0.099824920296669, 0.09987814724445343, 0.09972352534532547, 0.09975622594356537, 0.09969346970319748, 0.09963173419237137, 0.09964293986558914, 0.09951990097761154, 0.0996079072356224, 0.09941677749156952, 0.09935476630926132, 0.09941016882658005, 0.0993962213397026, 0.09937500208616257, 0.09931441396474838, 0.09921301156282425, 0.09918467700481415, 0.09918056428432465, 0.09909751266241074, 0.09914040565490723, 0.0991649329662323, 0.09904457628726959, 0.09903503209352493, 0.09899165481328964, 0.09912653267383575, 0.09901617467403412, 0.09904298186302185, 0.09899815917015076, 0.09892342239618301, 0.09890587627887726, 0.09899083524942398, 0.09892133623361588, 0.09884252399206161, 0.09881068766117096, 0.09872804582118988, 0.09884411096572876, 0.0987982451915741, 0.098823182284832, 0.09877794981002808, 0.09869342297315598, 0.09864675253629684, 0.09866217523813248, 0.09875301271677017, 0.09871203452348709, 0.09865877777338028, 0.09871085733175278, 0.09866762161254883, 0.09869987517595291, 0.09873921424150467, 0.09858109802007675, 0.098672054708004, 0.0986170694231987, 0.09867024421691895, 0.09852371364831924, 0.09858397394418716, 0.09856635332107544, 0.09858419001102448, 0.09860764443874359, 0.09857253730297089, 0.09859631955623627, 0.09853106737136841, 0.09854532778263092, 0.09847543388605118, 0.0985436663031578, 0.09853188693523407, 0.09850818663835526, 0.09848403185606003, 0.0984792411327362, 0.09841971099376678, 0.09846791625022888, 0.09844096750020981, 0.09839247167110443, 0.09840435534715652, 0.0983087345957756], "val_loss": [0.018715307116508484, 0.01774447038769722, 0.018399739637970924, 0.01959719881415367, 0.017955344170331955, 0.01902526058256626, 0.02030428871512413, 0.018784331157803535, 0.018479231745004654, 0.019501717761158943, 0.019546229392290115, 0.019008075818419456, 0.018835777416825294, 0.019678233191370964, 0.01849442720413208, 0.018218934535980225, 0.019699277356266975, 0.018743066117167473, 0.019074443727731705, 0.01907651126384735, 0.018775710836052895, 0.018728651106357574, 0.019425079226493835, 0.01792796142399311, 0.017933519557118416, 0.01855955831706524, 0.019088715314865112, 0.019765889272093773, 0.020779458805918694, 0.01855325512588024, 0.018551576882600784, 0.021047063171863556, 0.018570104613900185, 0.018435096368193626, 0.01909087598323822, 0.01746734231710434, 0.018997738137841225, 0.018607908859848976, 0.020489750429987907, 0.01908758655190468, 0.018962090834975243, 0.020620908588171005, 0.01939167082309723, 0.01922483742237091, 0.018624968826770782, 0.018818708136677742, 0.019410964101552963, 0.01950143091380596, 0.01962716318666935, 0.018596185371279716, 0.0189376063644886, 0.018734736368060112, 0.01859264448285103, 0.019575148820877075, 0.018988877534866333, 0.01902690902352333, 0.020201433449983597, 0.020049145445227623, 0.020263558253645897, 0.019475849345326424, 0.019511835649609566, 0.01957947574555874, 0.02024204656481743, 0.019517632201313972, 0.01900612749159336, 0.01856844313442707, 0.019474849104881287, 0.018054675310850143, 0.018738722428679466, 0.01906549371778965, 0.01885545440018177, 0.02019575983285904, 0.018141092732548714, 0.019497990608215332, 0.01847621239721775, 0.01881190948188305, 0.018529316410422325, 0.019683904945850372, 0.019435066729784012, 0.019050637260079384, 0.018727831542491913, 0.019938988611102104, 0.01898241601884365, 0.020639389753341675, 0.01969936117529869, 0.01844814419746399], "val_MAE": [0.10396833717823029, 0.10191239416599274, 0.10536953806877136, 0.10927670449018478, 0.10329066962003708, 0.10898124426603317, 0.1116192564368248, 0.10664128512144089, 0.10472410172224045, 0.10883840918540955, 0.10893711447715759, 0.1067863255739212, 0.10726729780435562, 0.10848571360111237, 0.10539823770523071, 0.10443723201751709, 0.1096680611371994, 0.10603003203868866, 0.10660504549741745, 0.10663125663995743, 0.10569760203361511, 0.10441837459802628, 0.10782334953546524, 0.10231542587280273, 0.10342987626791, 0.10553750395774841, 0.10831636190414429, 0.10954803973436356, 0.11303673684597015, 0.10696767270565033, 0.1059393659234047, 0.11320550739765167, 0.10468272864818573, 0.1053309440612793, 0.1083986684679985, 0.10128715634346008, 0.10719910264015198, 0.10749766230583191, 0.1115461215376854, 0.1058744415640831, 0.107362300157547, 0.11180248111486435, 0.10857351869344711, 0.1094149500131607, 0.10611113905906677, 0.10683226585388184, 0.10906299948692322, 0.10825725644826889, 0.10868382453918457, 0.10600372403860092, 0.10568986088037491, 0.10513602197170258, 0.10544823110103607, 0.10778214782476425, 0.10761874169111252, 0.1051303893327713, 0.11074716597795486, 0.11117550730705261, 0.11104379594326019, 0.11027085036039352, 0.10987206548452377, 0.10958520323038101, 0.1110958382487297, 0.1091882735490799, 0.10606607794761658, 0.10601600259542465, 0.10864770412445068, 0.10362628847360611, 0.10529697686433792, 0.10793124884366989, 0.10745835304260254, 0.11032850295305252, 0.10384521633386612, 0.10759275406599045, 0.10491430014371872, 0.10570402443408966, 0.10549180954694748, 0.10776958614587784, 0.10874384641647339, 0.10677430033683777, 0.1062246784567833, 0.11066995561122894, 0.10630004853010178, 0.1110672727227211, 0.10884133726358414, 0.10567205399274826]}