{"loss": [12.335878372192383, 12.029595375061035, 11.828540802001953, 11.706005096435547, 11.636499404907227, 11.600303649902344, 11.58410358428955, 11.577393531799316, 11.575047492980957, 11.574506759643555, 11.574331283569336, 11.574302673339844, 11.574284553527832, 11.574295997619629, 11.574283599853516, 11.574336051940918, 11.574315071105957, 11.574332237243652, 11.574310302734375, 11.574288368225098, 11.574326515197754, 11.574334144592285, 11.574308395385742, 11.57433032989502, 11.574342727661133, 11.574313163757324, 11.5743408203125, 11.574371337890625, 11.574288368225098, 11.574365615844727, 11.574324607849121, 11.574309349060059, 11.574305534362793, 11.574310302734375, 11.57435131072998, 11.574320793151855, 11.574350357055664, 11.574313163757324, 11.57430362701416, 11.574297904968262, 11.574378967285156, 11.574283599853516, 11.574320793151855, 11.574309349060059, 11.574348449707031, 11.574337005615234, 11.574336051940918, 11.574288368225098, 11.574323654174805, 11.574350357055664, 11.574331283569336, 11.574299812316895, 11.574357986450195, 11.574310302734375, 11.574408531188965, 11.574312210083008, 11.574387550354004, 11.574399948120117, 11.574357986450195, 11.574345588684082, 11.574319839477539, 11.574321746826172, 11.574317932128906, 11.574365615844727, 11.574317932128906, 11.574295997619629, 11.574338912963867, 11.574329376220703], "MAE": [2.978977680206299, 2.9801459312438965, 2.9813461303710938, 2.9823858737945557, 2.98321270942688, 2.9838249683380127, 2.9843029975891113, 2.984567642211914, 2.9847960472106934, 2.984908103942871, 2.984952211380005, 2.9849839210510254, 2.984990358352661, 2.985024929046631, 2.9850199222564697, 2.9849987030029297, 2.984990358352661, 2.9849894046783447, 2.9850246906280518, 2.9850058555603027, 2.985006809234619, 2.984990358352661, 2.984995126724243, 2.984990358352661, 2.9849953651428223, 2.9849915504455566, 2.984934091567993, 2.9849894046783447, 2.985008716583252, 2.98500919342041, 2.9850051403045654, 2.9850263595581055, 2.984978199005127, 2.9850049018859863, 2.9850265979766846, 2.985050916671753, 2.984980821609497, 2.9850103855133057, 2.984985113143921, 2.9849889278411865, 2.984978675842285, 2.985015869140625, 2.9849960803985596, 2.984982490539551, 2.985034465789795, 2.9850215911865234, 2.9850094318389893, 2.984987735748291, 2.9849889278411865, 2.985013961791992, 2.984994888305664, 2.9849724769592285, 2.98502779006958, 2.98498272895813, 2.9850478172302246, 2.9849977493286133, 2.9850263595581055, 2.985027313232422, 2.985022783279419, 2.9850218296051025, 2.9849917888641357, 2.9849636554718018, 2.984994888305664, 2.9849953651428223, 2.9850075244903564, 2.9850378036499023, 2.9849939346313477, 2.984971284866333], "val_loss": [12.175841331481934, 11.928765296936035, 11.770408630371094, 11.678325653076172, 11.628623008728027, 11.604305267333984, 11.594032287597656, 11.590109825134277, 11.588863372802734, 11.588579177856445, 11.588510513305664, 11.588494300842285, 11.588492393493652, 11.588494300842285, 11.5885009765625, 11.588515281677246, 11.58849811553955, 11.588492393493652, 11.588496208190918, 11.588492393493652, 11.588500022888184, 11.588510513305664, 11.588493347167969, 11.588499069213867, 11.588536262512207, 11.588497161865234, 11.58849811553955, 11.588496208190918, 11.588494300842285, 11.588507652282715, 11.588499069213867, 11.588499069213867, 11.588493347167969, 11.588493347167969, 11.588496208190918, 11.588499069213867, 11.588504791259766, 11.5885009765625, 11.588494300842285, 11.588494300842285, 11.588496208190918, 11.588513374328613, 11.588496208190918, 11.588501930236816, 11.588496208190918, 11.588493347167969, 11.588499069213867, 11.588494300842285, 11.5885009765625, 11.588493347167969, 11.588497161865234, 11.588533401489258, 11.58849811553955, 11.588501930236816, 11.588494300842285, 11.588499069213867, 11.588536262512207, 11.588519096374512, 11.588508605957031, 11.588526725769043, 11.588494300842285, 11.588499069213867, 11.588497161865234, 11.588497161865234, 11.588501930236816, 11.588518142700195, 11.588493347167969, 11.58850383758545], "val_MAE": [2.978259325027466, 2.980130195617676, 2.9817328453063965, 2.9830288887023926, 2.9840450286865234, 2.9848077297210693, 2.9853317737579346, 2.9856817722320557, 2.985896348953247, 2.9859979152679443, 2.986050844192505, 2.9860968589782715, 2.9860877990722656, 2.986077308654785, 2.9860715866088867, 2.9860455989837646, 2.9860732555389404, 2.9860877990722656, 2.986084222793579, 2.9860873222351074, 2.9860684871673584, 2.986053943634033, 2.986096143722534, 2.9860713481903076, 2.9860246181488037, 2.986077070236206, 2.986112594604492, 2.986103057861328, 2.9860994815826416, 2.986130475997925, 2.9860708713531494, 2.986071825027466, 2.9860832691192627, 2.9860825538635254, 2.9860939979553223, 2.986072063446045, 2.986055374145508, 2.9860661029815674, 2.9861085414886475, 2.9860870838165283, 2.986107587814331, 2.9860472679138184, 2.986086368560791, 2.9861245155334473, 2.9860990047454834, 2.9860925674438477, 2.9861130714416504, 2.9861042499542236, 2.986119508743286, 2.9860873222351074, 2.986081600189209, 2.9861555099487305, 2.9861114025115967, 2.986123561859131, 2.9860951900482178, 2.986119508743286, 2.986158847808838, 2.98614501953125, 2.986133098602295, 2.9860336780548096, 2.9860894680023193, 2.986112356185913, 2.9860918521881104, 2.9861106872558594, 2.9861233234405518, 2.9860422611236572, 2.9861061573028564, 2.986121416091919]}