{"loss": [12.322494506835938, 12.019036293029785, 11.818937301635742, 11.69616413116455, 11.627229690551758, 11.592395782470703, 11.576573371887207, 11.570290565490723, 11.56817626953125, 11.567604064941406, 11.567493438720703, 11.567469596862793, 11.567482948303223, 11.567497253417969, 11.567505836486816, 11.56748104095459, 11.567500114440918, 11.567522048950195, 11.567513465881348, 11.567469596862793, 11.567513465881348, 11.567488670349121, 11.567505836486816, 11.567488670349121, 11.567523002624512, 11.567514419555664, 11.567497253417969, 11.567493438720703, 11.567500114440918, 11.567517280578613, 11.567564964294434, 11.56749439239502, 11.567529678344727, 11.56750774383545, 11.567524909973145, 11.567525863647461, 11.567530632019043, 11.567462921142578, 11.56753921508789, 11.56749439239502, 11.567508697509766, 11.56752872467041, 11.56749153137207, 11.567546844482422, 11.567522048950195, 11.56754207611084, 11.567514419555664, 11.567488670349121, 11.567513465881348, 11.567519187927246, 11.567499160766602, 11.56750202178955, 11.567505836486816, 11.567519187927246, 11.567482948303223, 11.567554473876953, 11.567481994628906, 11.567530632019043, 11.567510604858398, 11.567537307739258, 11.567522048950195, 11.56754207611084, 11.567499160766602, 11.567519187927246, 11.567561149597168, 11.567558288574219, 11.567532539367676, 11.567523956298828, 11.567499160766602, 11.567516326904297, 11.56749439239502, 11.56753158569336, 11.567501068115234, 11.567486763000488, 11.567517280578613, 11.567493438720703, 11.567559242248535, 11.567580223083496, 11.567421913146973, 11.567516326904297], "MAE": [2.9765939712524414, 2.9780325889587402, 2.9791605472564697, 2.980283498764038, 2.9813461303710938, 2.982099771499634, 2.982564926147461, 2.9828927516937256, 2.983041763305664, 2.983187437057495, 2.983262777328491, 2.983271360397339, 2.983309507369995, 2.9832868576049805, 2.983299970626831, 2.9833266735076904, 2.983278751373291, 2.983285427093506, 2.9833009243011475, 2.9833178520202637, 2.9832725524902344, 2.983325242996216, 2.9832844734191895, 2.983278751373291, 2.9832844734191895, 2.9833152294158936, 2.9832777976989746, 2.983320713043213, 2.9832863807678223, 2.9833104610443115, 2.9833123683929443, 2.983266592025757, 2.983339309692383, 2.9833168983459473, 2.983255386352539, 2.9833006858825684, 2.9833076000213623, 2.9832651615142822, 2.983344793319702, 2.98331880569458, 2.9832966327667236, 2.98330020904541, 2.983304262161255, 2.9833035469055176, 2.9832942485809326, 2.9833052158355713, 2.983285665512085, 2.9833033084869385, 2.9832983016967773, 2.9832980632781982, 2.983316421508789, 2.983302116394043, 2.9833061695098877, 2.9832797050476074, 2.9833292961120605, 2.9833085536956787, 2.983283281326294, 2.9833154678344727, 2.983318328857422, 2.983308792114258, 2.983279228210449, 2.9833195209503174, 2.9832966327667236, 2.9832675457000732, 2.9833433628082275, 2.9833099842071533, 2.9832746982574463, 2.9832944869995117, 2.983309268951416, 2.9832823276519775, 2.983290433883667, 2.9833295345306396, 2.983266592025757, 2.9833242893218994, 2.983290672302246, 2.9832873344421387, 2.983341932296753, 2.9832966327667236, 2.9833266735076904, 2.9832658767700195], "val_loss": [12.19468879699707, 11.948549270629883, 11.791053771972656, 11.698986053466797, 11.649823188781738, 11.626389503479004, 11.616591453552246, 11.612893104553223, 11.611748695373535, 11.61149787902832, 11.611440658569336, 11.611424446105957, 11.611429214477539, 11.611431121826172, 11.61142635345459, 11.611446380615234, 11.611433982849121, 11.611427307128906, 11.611429214477539, 11.611446380615234, 11.611430168151855, 11.611452102661133, 11.611425399780273, 11.611459732055664, 11.611475944519043, 11.611425399780273, 11.611444473266602, 11.61142635345459, 11.611429214477539, 11.611424446105957, 11.611440658569336, 11.611456871032715, 11.611430168151855, 11.611462593078613, 11.61142635345459, 11.611431121826172, 11.611425399780273, 11.611471176147461, 11.611445426940918, 11.611433982849121, 11.611431121826172, 11.611429214477539, 11.611437797546387, 11.611438751220703, 11.611430168151855, 11.61142635345459, 11.61142635345459, 11.61142635345459, 11.611427307128906, 11.61142635345459, 11.611427307128906, 11.611430168151855, 11.611437797546387, 11.611433982849121, 11.61144733428955, 11.61143970489502, 11.611432075500488, 11.611429214477539, 11.611433982849121, 11.611466407775879, 11.611427307128906, 11.611429214477539, 11.611429214477539, 11.61143684387207, 11.611434936523438, 11.611429214477539, 11.611429214477539, 11.611427307128906, 11.611455917358398, 11.611427307128906, 11.611440658569336, 11.611429214477539, 11.611432075500488, 11.61145305633545, 11.611433029174805, 11.611442565917969, 11.611429214477539, 11.61143684387207, 11.61153507232666, 11.611440658569336], "val_MAE": [2.9851179122924805, 2.9867515563964844, 2.988152503967285, 2.9892942905426025, 2.9901859760284424, 2.9908440113067627, 2.991293430328369, 2.991593360900879, 2.9917750358581543, 2.9918582439422607, 2.9919018745422363, 2.9919307231903076, 2.9919135570526123, 2.9919168949127197, 2.9919450283050537, 2.991896390914917, 2.991912364959717, 2.991933584213257, 2.9919281005859375, 2.991896390914917, 2.991947889328003, 2.9918909072875977, 2.9919395446777344, 2.9919869899749756, 2.991999864578247, 2.9919357299804688, 2.991971969604492, 2.9919259548187256, 2.99194598197937, 2.9919302463531494, 2.9919021129608154, 2.9919846057891846, 2.991917848587036, 2.991882801055908, 2.9919283390045166, 2.9919323921203613, 2.991940975189209, 2.9919955730438232, 2.9919722080230713, 2.991910219192505, 2.991912603378296, 2.99192476272583, 2.9919049739837646, 2.9919028282165527, 2.991914749145508, 2.9919490814208984, 2.9919490814208984, 2.9919464588165283, 2.9919393062591553, 2.9919357299804688, 2.991922378540039, 2.991919755935669, 2.9919071197509766, 2.991955518722534, 2.9918951988220215, 2.9919028282165527, 2.9919590950012207, 2.9919211864471436, 2.9919118881225586, 2.9918782711029053, 2.991933822631836, 2.9919464588165283, 2.9919161796569824, 2.991962432861328, 2.9919605255126953, 2.991917371749878, 2.991914749145508, 2.9919281005859375, 2.991886854171753, 2.991933584213257, 2.991971492767334, 2.991934299468994, 2.9919593334198, 2.991891622543335, 2.9919593334198, 2.991968870162964, 2.991934299468994, 2.9919614791870117, 2.991842031478882, 2.9919002056121826]}