{"loss": [0.12613607943058014, 0.06845176219940186, 0.06549002230167389, 0.06376995891332626, 0.0631324052810669, 0.062464963644742966, 0.061906326562166214, 0.06104873865842819, 0.06007605791091919, 0.05907917767763138, 0.05845368653535843, 0.05802905559539795, 0.05785233899950981, 0.057655904442071915, 0.057449065148830414, 0.057236239314079285, 0.05720587447285652, 0.056948598474264145, 0.05687003955245018, 0.05671912431716919, 0.05653027817606926, 0.05647983029484749, 0.056344516575336456, 0.056159354746341705, 0.05607285723090172, 0.0559491328895092, 0.05589527264237404, 0.05572512745857239, 0.055662743747234344, 0.05554696545004845, 0.055443182587623596, 0.05541487783193588, 0.05531887337565422, 0.055252961814403534, 0.0551869198679924, 0.05509599670767784, 0.05502457171678543, 0.05491150543093681, 0.05489368364214897, 0.05478491634130478, 0.05472636967897415, 0.05469305440783501, 0.054599959403276443, 0.054616186767816544, 0.054519396275281906, 0.05442776530981064, 0.05438746139407158, 0.05431104451417923, 0.0542677566409111, 0.05427004396915436, 0.05414161458611488, 0.05415409430861473, 0.054103247821331024, 0.054012004286050797, 0.05398242548108101, 0.05393701791763306, 0.05386018007993698, 0.05380554869771004], "MAE": [0.2567329406738281, 0.2051216959953308, 0.20021334290504456, 0.19730216264724731, 0.1961749643087387, 0.1949172168970108, 0.19382327795028687, 0.1921548694372177, 0.19033269584178925, 0.18854805827140808, 0.18735602498054504, 0.1866433024406433, 0.186329185962677, 0.18592031300067902, 0.18551798164844513, 0.18518565595149994, 0.185082346200943, 0.1846548467874527, 0.18446595966815948, 0.18425576388835907, 0.18396461009979248, 0.18385717272758484, 0.18365995585918427, 0.18328696489334106, 0.1831192970275879, 0.18292954564094543, 0.18282192945480347, 0.18252484500408173, 0.1823742836713791, 0.18213877081871033, 0.18199041485786438, 0.18198329210281372, 0.18178057670593262, 0.18164300918579102, 0.18152914941310883, 0.1813475340604782, 0.18120478093624115, 0.18101797997951508, 0.1809854358434677, 0.18080931901931763, 0.18069638311862946, 0.18062080442905426, 0.18042077124118805, 0.1804599016904831, 0.18033714592456818, 0.180127814412117, 0.18007105588912964, 0.17988745868206024, 0.17986655235290527, 0.17981140315532684, 0.17961423099040985, 0.17960400879383087, 0.17956583201885223, 0.17939472198486328, 0.17933990061283112, 0.17923657596111298, 0.17912624776363373, 0.17902518808841705], "val_loss": [0.06513505429029465, 0.06367553025484085, 0.06115544214844704, 0.059053197503089905, 0.058827437460422516, 0.05878831073641777, 0.0580909363925457, 0.057653214782476425, 0.059534743428230286, 0.05830909311771393, 0.05871686339378357, 0.05867061764001846, 0.0582992359995842, 0.05790233612060547, 0.059262827038764954, 0.05986527353525162, 0.059579722583293915, 0.059219904243946075, 0.058344800025224686, 0.0612279437482357, 0.05944198742508888, 0.06071295961737633, 0.06103098765015602, 0.06018026918172836, 0.06002822890877724, 0.06095629930496216, 0.0600961335003376, 0.05868474394083023, 0.05960388854146004, 0.05933795124292374, 0.059696827083826065, 0.06075074151158333, 0.06065947562456131, 0.06033226102590561, 0.05970800668001175, 0.05971856415271759, 0.06013103201985359, 0.05774595960974693, 0.05925411358475685, 0.06045016273856163, 0.059103284031152725, 0.05773765221238136, 0.06246394291520119, 0.06226176396012306, 0.05967540666460991, 0.059327177703380585, 0.06004917621612549, 0.05859396234154701, 0.06005299463868141, 0.06074131280183792, 0.061209723353385925, 0.061284374445676804, 0.06035127118229866, 0.061936646699905396, 0.06068805977702141, 0.061473309993743896, 0.06187325716018677, 0.060961637645959854], "val_MAE": [0.20021791756153107, 0.19758263230323792, 0.1922721117734909, 0.18950074911117554, 0.18974928557872772, 0.1898651123046875, 0.1884414255619049, 0.189435675740242, 0.1932440847158432, 0.19256016612052917, 0.19344094395637512, 0.1922801434993744, 0.19287486374378204, 0.19161076843738556, 0.19541659951210022, 0.19695550203323364, 0.1969100385904312, 0.1951589584350586, 0.19319091737270355, 0.20006845891475677, 0.19601821899414062, 0.20002613961696625, 0.20056235790252686, 0.19828596711158752, 0.1979159414768219, 0.19978687167167664, 0.198005810379982, 0.1949390321969986, 0.19679772853851318, 0.19689689576625824, 0.19824621081352234, 0.2005719542503357, 0.19951876997947693, 0.19947414100170135, 0.19833911955356598, 0.1980048567056656, 0.1986054629087448, 0.1929471790790558, 0.19594010710716248, 0.1989612579345703, 0.19654284417629242, 0.19314807653427124, 0.20297925174236298, 0.20346081256866455, 0.19787940382957458, 0.19735516607761383, 0.19817504286766052, 0.1953742504119873, 0.1992139369249344, 0.19900469481945038, 0.19993086159229279, 0.20186853408813477, 0.19965460896492004, 0.2024233341217041, 0.1992032676935196, 0.20139595866203308, 0.20179472863674164, 0.2015102505683899]}