{"loss": [8.992236137390137, 7.509366512298584, 7.310427665710449, 7.216683387756348, 7.135178089141846, 7.097196578979492, 7.0392165184021, 6.995384693145752, 6.941452503204346, 6.908177375793457, 6.876358509063721, 6.850723743438721, 6.810220241546631, 6.776798248291016, 6.741304397583008, 6.717472076416016, 6.682835578918457, 6.660789489746094, 6.628512382507324, 6.598686218261719, 6.563557147979736, 6.539047718048096, 6.5133771896362305, 6.482691764831543, 6.452142238616943, 6.424188137054443, 6.400908470153809, 6.368222236633301, 6.329800605773926, 6.300833702087402, 6.272878170013428, 6.244602680206299, 6.213077545166016, 6.184807300567627, 6.156883239746094, 6.130904674530029, 6.086727619171143, 6.058566093444824, 6.0272626876831055, 5.997337341308594, 5.967615604400635, 5.939172744750977, 5.8961358070373535, 5.878654956817627, 5.838071823120117, 5.805960655212402, 5.767365455627441, 5.746853351593018, 5.711588382720947, 5.68310546875, 5.65916109085083, 5.632766246795654, 5.606709003448486, 5.568516254425049, 5.543819904327393, 5.517461776733398, 5.480775833129883, 5.471338748931885, 5.424953937530518, 5.41146183013916, 5.385147571563721, 5.353343963623047, 5.324705600738525, 5.296642780303955, 5.2836594581604, 5.249863147735596, 5.235110282897949, 5.219465255737305, 5.185752868652344, 5.168687343597412, 5.159486293792725, 5.124114513397217, 5.1060709953308105, 5.0737528800964355, 5.072751045227051, 5.038204193115234, 5.020900726318359, 4.989527225494385, 4.984218120574951, 4.949954032897949, 4.924566745758057, 4.908837795257568, 4.902124881744385, 4.89548921585083, 4.853936195373535, 4.8423895835876465, 4.815552711486816, 4.790102005004883, 4.798084259033203, 4.770820140838623, 4.763440132141113, 4.742316246032715, 4.717309951782227, 4.708226680755615, 4.696552753448486, 4.68222188949585, 4.673721790313721, 4.633597373962402, 4.635324478149414, 4.6197638511657715, 4.605528354644775, 4.590250015258789, 4.583284854888916, 4.5642547607421875, 4.555889129638672, 4.5300092697143555, 4.539632797241211, 4.518593788146973, 4.4889044761657715, 4.4873127937316895, 4.485736846923828, 4.4616594314575195, 4.450984001159668, 4.436588287353516, 4.421140670776367, 4.420133113861084, 4.395509719848633, 4.389058589935303, 4.398014068603516, 4.3720831871032715, 4.351752758026123, 4.351431846618652, 4.335979461669922, 4.322091102600098, 4.313464641571045], "MAE": [2.466482162475586, 2.1496896743774414, 2.104032039642334, 2.080510377883911, 2.062063694000244, 2.0531749725341797, 2.0386273860931396, 2.030237913131714, 2.0177536010742188, 2.0103261470794678, 2.0048680305480957, 1.9989224672317505, 1.9906811714172363, 1.9843655824661255, 1.9774601459503174, 1.9719513654708862, 1.9664872884750366, 1.9605772495269775, 1.9551520347595215, 1.9498075246810913, 1.9420758485794067, 1.9376980066299438, 1.9323829412460327, 1.9264382123947144, 1.9206867218017578, 1.916155219078064, 1.911266565322876, 1.9052884578704834, 1.8978444337844849, 1.891852855682373, 1.8879961967468262, 1.8821897506713867, 1.875755786895752, 1.8716084957122803, 1.866155982017517, 1.86002779006958, 1.853326439857483, 1.8472118377685547, 1.8428677320480347, 1.8369722366333008, 1.831104040145874, 1.8264870643615723, 1.8186250925064087, 1.815056324005127, 1.807913064956665, 1.8020966053009033, 1.7958003282546997, 1.7910351753234863, 1.7838973999023438, 1.7794979810714722, 1.7755210399627686, 1.7705022096633911, 1.767008900642395, 1.7594531774520874, 1.7543890476226807, 1.7498958110809326, 1.7439137697219849, 1.7427679300308228, 1.7336864471435547, 1.7313823699951172, 1.7266952991485596, 1.7212835550308228, 1.7161201238632202, 1.710943579673767, 1.7094652652740479, 1.7024368047714233, 1.700027346611023, 1.6964727640151978, 1.6907200813293457, 1.687476634979248, 1.6859090328216553, 1.6794123649597168, 1.675795316696167, 1.6699414253234863, 1.670019268989563, 1.6633729934692383, 1.6608574390411377, 1.655177354812622, 1.653200387954712, 1.6485754251480103, 1.643662691116333, 1.6402709484100342, 1.6389344930648804, 1.6385600566864014, 1.6301285028457642, 1.6276260614395142, 1.6230709552764893, 1.6184996366500854, 1.619748592376709, 1.6158486604690552, 1.6135540008544922, 1.6092053651809692, 1.6032122373580933, 1.6024976968765259, 1.600195288658142, 1.5989705324172974, 1.59736168384552, 1.590178370475769, 1.5905441045761108, 1.5863655805587769, 1.583772897720337, 1.581177830696106, 1.580079197883606, 1.5756776332855225, 1.574130892753601, 1.5704810619354248, 1.572912335395813, 1.5688703060150146, 1.5627338886260986, 1.5624024868011475, 1.562231183052063, 1.5578778982162476, 1.555525779724121, 1.5532323122024536, 1.5507490634918213, 1.550089716911316, 1.545910120010376, 1.5438876152038574, 1.545806646347046, 1.5407623052597046, 1.5369172096252441, 1.5359796285629272, 1.5339275598526, 1.5322209596633911, 1.529861330986023], "val_loss": [7.644176006317139, 7.284303665161133, 7.158993244171143, 7.117760181427002, 7.351149559020996, 7.04346227645874, 6.95133638381958, 6.921020984649658, 6.922997951507568, 6.882246494293213, 6.872097969055176, 6.790914535522461, 6.79160213470459, 6.762448310852051, 6.771106719970703, 6.786344528198242, 6.696406841278076, 6.653571128845215, 6.658458232879639, 6.637202262878418, 6.636303424835205, 6.610208988189697, 6.562066078186035, 6.586163520812988, 6.544994354248047, 6.521308422088623, 6.541558265686035, 6.52376651763916, 6.4819769859313965, 6.50488805770874, 6.50443172454834, 6.4333086013793945, 6.426640510559082, 6.384110450744629, 6.430787563323975, 6.350774765014648, 6.378950595855713, 6.3534016609191895, 6.3718976974487305, 6.337087631225586, 6.387239933013916, 6.337434768676758, 6.341098785400391, 6.292398452758789, 6.268706321716309, 6.3394670486450195, 6.243067741394043, 6.286266326904297, 6.345394611358643, 6.274465084075928, 6.279655456542969, 6.256237506866455, 6.263821125030518, 6.231718063354492, 6.220662593841553, 6.251425266265869, 6.204494476318359, 6.311920642852783, 6.302127838134766, 6.285452842712402, 6.262055397033691, 6.208343029022217, 6.202914714813232, 6.24554443359375, 6.2237372398376465, 6.260826110839844, 6.226920127868652, 6.187384128570557, 6.203375816345215, 6.34547233581543, 6.224201202392578, 6.2001953125, 6.17496919631958, 6.2012152671813965, 6.1387939453125, 6.261468887329102, 6.163780212402344, 6.2368855476379395, 6.203958988189697, 6.204440593719482, 6.19187068939209, 6.188332557678223, 6.20230770111084, 6.157553672790527, 6.184415340423584, 6.169852256774902, 6.161388874053955, 6.1800432205200195, 6.193090438842773, 6.2362446784973145, 6.17108678817749, 6.146073818206787, 6.205291271209717, 6.25650691986084, 6.198203086853027, 6.1657209396362305, 6.157684326171875, 6.171449661254883, 6.218751907348633, 6.222020149230957, 6.176275730133057, 6.15342378616333, 6.2006306648254395, 6.14067268371582, 6.174663543701172, 6.189350605010986, 6.21965217590332, 6.221489906311035, 6.175157070159912, 6.288205623626709, 6.167069911956787, 6.179716110229492, 6.184735298156738, 6.139833450317383, 6.166553497314453, 6.190167427062988, 6.222594738006592, 6.164445877075195, 6.165929794311523, 6.173422336578369, 6.169910430908203, 6.223543643951416, 6.155191421508789, 6.1590070724487305, 6.167382717132568],