{"loss": [0.16768358647823334, 0.07397954165935516, 0.07282112538814545, 0.07179036736488342, 0.07125149667263031, 0.0704217478632927, 0.06984260678291321, 0.06954140961170197, 0.06909511238336563, 0.069012850522995, 0.06871946901082993, 0.06858643144369125, 0.0683637484908104, 0.06828048825263977, 0.0681053176522255, 0.06804320216178894, 0.06786708533763885, 0.06784209609031677, 0.06776073575019836, 0.0676870048046112, 0.06770381331443787, 0.06762293726205826, 0.06752102077007294, 0.06754868477582932, 0.06749282032251358, 0.0674293264746666, 0.06742158532142639, 0.06735682487487793, 0.06734112650156021, 0.0672803521156311, 0.06726757436990738, 0.06730834394693375, 0.06724396347999573, 0.06731198728084564, 0.06719744950532913, 0.06718964129686356, 0.0671653151512146, 0.06718454509973526, 0.06716905534267426, 0.0670856460928917, 0.0670974850654602, 0.06709542125463486, 0.0670907199382782, 0.06701239943504333, 0.06703991442918777, 0.0670291930437088, 0.06701526790857315, 0.06700977683067322, 0.0669928789138794, 0.0669548436999321, 0.06694163382053375, 0.06692671030759811, 0.06692779064178467, 0.06689957529306412, 0.06691984832286835, 0.06690079718828201, 0.06687178462743759, 0.06688292324542999, 0.06683219224214554, 0.06680446863174438], "MAE": [0.29436925053596497, 0.2146582305431366, 0.21284152567386627, 0.21124394237995148, 0.21036463975906372, 0.20910249650478363, 0.2081221342086792, 0.2076353132724762, 0.2068537324666977, 0.20667260885238647, 0.20616504549980164, 0.20588551461696625, 0.20548370480537415, 0.20531496405601501, 0.20499618351459503, 0.20485836267471313, 0.20457592606544495, 0.20452386140823364, 0.20435731112957, 0.20420902967453003, 0.204154834151268, 0.2040291130542755, 0.20388291776180267, 0.20394708216190338, 0.20381306111812592, 0.20367437601089478, 0.20369532704353333, 0.20354343950748444, 0.2035490721464157, 0.2033960372209549, 0.20339414477348328, 0.2034674435853958, 0.203360453248024, 0.20346280932426453, 0.20325389504432678, 0.20322871208190918, 0.20320776104927063, 0.2032243013381958, 0.2031802535057068, 0.2030552178621292, 0.20302796363830566, 0.20304197072982788, 0.20304477214813232, 0.2029065489768982, 0.2029196321964264, 0.20292280614376068, 0.2028934210538864, 0.2028491050004959, 0.20282906293869019, 0.20276542007923126, 0.20275507867336273, 0.2027158886194229, 0.20272544026374817, 0.20264318585395813, 0.20269440114498138, 0.20264412462711334, 0.20262041687965393, 0.20264527201652527, 0.20252875983715057, 0.20248565077781677], "val_loss": [0.0773257240653038, 0.08706194162368774, 0.07872490584850311, 0.07466773688793182, 0.08067507296800613, 0.07448798418045044, 0.08658526837825775, 0.077630914747715, 0.07584593445062637, 0.07241737097501755, 0.07717815786600113, 0.07452321797609329, 0.08308406919240952, 0.07798746973276138, 0.08367321640253067, 0.07858654856681824, 0.07895796000957489, 0.08206336200237274, 0.07611048966646194, 0.08482353389263153, 0.07533035427331924, 0.07707227021455765, 0.07520247995853424, 0.08201820403337479, 0.07939623296260834, 0.08043254911899567, 0.08152082562446594, 0.07711099833250046, 0.07719217985868454, 0.07433512806892395, 0.0827069953083992, 0.08154482394456863, 0.07621534913778305, 0.07436428219079971, 0.07851509004831314, 0.07769083976745605, 0.07918015867471695, 0.07583104074001312, 0.08085848391056061, 0.07824885845184326, 0.07553481310606003, 0.07499441504478455, 0.07366267591714859, 0.08504748344421387, 0.07898407429456711, 0.08127780258655548, 0.07843706011772156, 0.07704130560159683, 0.07778900861740112, 0.0794198289513588, 0.07654151320457458, 0.08026574552059174, 0.07757997512817383, 0.08218958228826523, 0.07615013420581818, 0.07920555770397186, 0.08471104502677917, 0.07538479566574097, 0.07653585076332092, 0.08312759548425674], "val_MAE": [0.2227368950843811, 0.23543645441532135, 0.22533710300922394, 0.2192143052816391, 0.22618825733661652, 0.21871741116046906, 0.23593270778656006, 0.22307662665843964, 0.22012268006801605, 0.2148236483335495, 0.22218745946884155, 0.21932455897331238, 0.23034478724002838, 0.22303371131420135, 0.232013538479805, 0.2243831306695938, 0.22483481466770172, 0.2285827100276947, 0.22034598886966705, 0.2338731735944748, 0.2190515398979187, 0.2223583608865738, 0.2189669907093048, 0.22981424629688263, 0.22494341433048248, 0.22621770203113556, 0.22859208285808563, 0.22238853573799133, 0.22301656007766724, 0.2176232784986496, 0.22959081828594208, 0.22959496080875397, 0.22154507040977478, 0.2174026519060135, 0.22348614037036896, 0.22367772459983826, 0.22504819929599762, 0.22053100168704987, 0.22779671847820282, 0.223610982298851, 0.2199893593788147, 0.21946115791797638, 0.21748191118240356, 0.23459288477897644, 0.22446133196353912, 0.23066435754299164, 0.22451451420783997, 0.2235780954360962, 0.22341401875019073, 0.22601218521595, 0.22099684178829193, 0.22667019069194794, 0.22288773953914642, 0.23049522936344147, 0.2200215756893158, 0.2252921760082245, 0.2347654104232788, 0.21952202916145325, 0.22128961980342865, 0.23207934200763702]}