{"loss": [0.14089174568653107, 0.02570251189172268, 0.025272509083151817, 0.02508377470076084, 0.02488180808722973, 0.024753529578447342, 0.02473842352628708, 0.024578945711255074, 0.024634625762701035, 0.024421637877821922, 0.024168089032173157, 0.024120228365063667, 0.02396770566701889, 0.023929011076688766, 0.023863034322857857, 0.023814469575881958, 0.02434098720550537, 0.024026382714509964, 0.02376565709710121, 0.02372892200946808, 0.023728100582957268, 0.023661162704229355, 0.02371569164097309, 0.023649437353014946, 0.0237052533775568, 0.02364598773419857, 0.02365703321993351, 0.023640716448426247, 0.023659292608499527, 0.0236317478120327, 0.023597795516252518, 0.023641271516680717, 0.02362266555428505, 0.023599853739142418, 0.023627005517482758, 0.023577414453029633, 0.02358441799879074, 0.023579902946949005, 0.02358497865498066, 0.023606739938259125, 0.023607144132256508, 0.0235739815980196, 0.02357487380504608, 0.023565253242850304, 0.02355484664440155, 0.02354579232633114, 0.023515723645687103, 0.023578593507409096, 0.023618925362825394, 0.023503068834543228, 0.023517807945609093, 0.023497002199292183, 0.023477744311094284, 0.023482125252485275, 0.023447280749678612, 0.023473579436540604, 0.023457610979676247, 0.0234411358833313, 0.023456694558262825, 0.0240277461707592, 0.02445472963154316, 0.023842165246605873, 0.02367495559155941, 0.023610403761267662, 0.0235644169151783, 0.023550311103463173, 0.02356582321226597, 0.023522090166807175, 0.023536434397101402, 0.023546548560261726, 0.023568835109472275, 0.0234946608543396, 0.023490503430366516, 0.023487016558647156, 0.02349911630153656, 0.023486832156777382, 0.023485632613301277, 0.023458654060959816, 0.02343449555337429, 0.023439349606633186, 0.02342405915260315, 0.023422783240675926, 0.02340375818312168, 0.02337048389017582, 0.02338128723204136, 0.02339685708284378, 0.023348702117800713, 0.02338942512869835, 0.02337079495191574, 0.023368217051029205, 0.023386402055621147, 0.023367974907159805, 0.02339978888630867], "MAE": [0.23233790695667267, 0.12393771857023239, 0.12250444293022156, 0.12184242904186249, 0.12111751735210419, 0.12059934437274933, 0.12061536312103271, 0.12015099078416824, 0.12033127248287201, 0.1197296753525734, 0.11899682134389877, 0.11888064444065094, 0.1184549629688263, 0.11838865280151367, 0.11820776015520096, 0.11807070672512054, 0.11956127732992172, 0.11895399540662766, 0.1178526058793068, 0.11766530573368073, 0.11768363416194916, 0.11749241501092911, 0.11764045059680939, 0.11745332926511765, 0.11758209764957428, 0.11740683764219284, 0.11745806038379669, 0.11740904301404953, 0.11742551624774933, 0.11737199127674103, 0.1172703206539154, 0.11741439253091812, 0.11731039732694626, 0.11730118095874786, 0.11744261533021927, 0.1171652227640152, 0.11716075986623764, 0.11712300032377243, 0.11720983684062958, 0.1172652319073677, 0.11729758232831955, 0.11722247302532196, 0.11720620840787888, 0.11719461530447006, 0.11713545024394989, 0.11709271371364594, 0.11706683784723282, 0.11727452278137207, 0.11773350834846497, 0.11720459163188934, 0.11716088652610779, 0.11703279614448547, 0.11693436652421951, 0.11692242324352264, 0.11680108308792114, 0.11684451252222061, 0.1168137788772583, 0.11678500473499298, 0.11682189255952835, 0.1186005100607872, 0.1208643913269043, 0.11849897354841232, 0.11789792776107788, 0.1177084669470787, 0.11748568713665009, 0.11749272793531418, 0.11751716583967209, 0.1174030527472496, 0.1174461767077446, 0.1175692230463028, 0.11758586764335632, 0.11743105947971344, 0.11732646077871323, 0.11727240681648254, 0.11728950589895248, 0.11737803369760513, 0.11731439083814621, 0.11716407537460327, 0.11708610504865646, 0.11707621812820435, 0.11696533113718033, 0.11698606610298157, 0.11683572083711624, 0.11668363958597183, 0.11676259338855743, 0.11684180796146393, 0.11662373691797256, 0.11685969680547714, 0.11675044894218445, 0.11676204949617386, 0.11684457957744598, 0.11681464314460754, 0.11693280190229416], "val_loss": [0.025544188916683197, 0.026687094941735268, 0.028540125116705894, 0.030433444306254387, 0.026194240897893906, 0.02988319657742977, 0.025921296328306198, 0.028306415304541588, 0.02963760681450367, 0.02743198163807392, 0.026198362931609154, 0.02706276997923851, 0.027282461524009705, 0.027546120807528496, 0.027399158105254173, 0.025619452819228172, 0.026254571974277496, 0.027984827756881714, 0.029289400205016136, 0.026735318824648857, 0.0289007481187582, 0.026252031326293945, 0.02894953079521656, 0.02811916172504425, 0.02707488276064396, 0.026373786851763725, 0.02855619229376316, 0.027318965643644333, 0.026250138878822327, 0.028263941407203674, 0.0285944864153862, 0.026608271524310112, 0.02803836204111576, 0.026296358555555344, 0.02802923694252968, 0.027294522151350975, 0.0261831097304821, 0.026031948626041412, 0.02924206852912903, 0.026177672669291496, 0.027720998972654343, 0.026063386350870132, 0.02561245858669281, 0.028211943805217743, 0.02780749276280403, 0.027261368930339813, 0.027077566832304, 0.028041837736964226, 0.026040581986308098, 0.027666563168168068, 0.025731613859534264, 0.02666359953582287, 0.02601020224392414, 0.02722940221428871, 0.027136368677020073, 0.026791907846927643, 0.02702045999467373, 0.026952378451824188, 0.027126148343086243, 0.028115732595324516, 0.029430262744426727, 0.027098050341010094, 0.030235806480050087, 0.02889898046851158, 0.028781158849596977, 0.028572330251336098, 0.02798168919980526, 0.028607245534658432, 0.026458023115992546, 0.027688054367899895, 0.026872623711824417, 0.029123354703187943, 0.028723645955324173, 0.026664892211556435, 0.02638418599963188, 0.027166901156306267, 0.028263689950108528, 0.026541609317064285, 0.027989406138658524, 0.0278019979596138, 0.028378918766975403, 0.02737933211028576, 0.02732206881046295, 0.028677016496658325, 0.026651181280612946, 0.02715514600276947, 0.027033250778913498, 0.027191678062081337, 0.02692405693233013, 0.02961471863090992, 0.026551051065325737, 0.02692992053925991, 0.028453268110752106], "val_MAE": [0.12401051819324493, 0.12901204824447632, 0.13417024910449982, 0.1379711627960205, 0.12803712487220764, 0.13633324205875397, 0.1264658421278, 0.13452011346817017, 0.13695399463176727, 0.13054075837135315, 0.1286027580499649, 0.13026025891304016, 0.13176745176315308, 0.1315542608499527, 0.13199612498283386, 0.12756764888763428, 0.12896881997585297, 0.13238923251628876, 0.1346701830625534, 0.12983247637748718, 0.13484111428260803, 0.12770235538482666, 0.13519668579101562, 0.13343335688114166, 0.129738911986351, 0.1285327821969986, 0.1348973661661148, 0.1308261901140213, 0.12824560701847076, 0.1330542415380478, 0.13498538732528687, 0.12954013049602509, 0.133525550365448, 0.1284802109003067, 0.13303209841251373, 0.13105593621730804, 0.12787200510501862, 0.1284845918416977, 0.13665618002414703, 0.1288079470396042, 0.13458362221717834, 0.12792259454727173, 0.12585338950157166, 0.1333099901676178, 0.13296006619930267, 0.13249467313289642, 0.13098956644535065, 0.13403362035751343, 0.12821219861507416, 0.13355866074562073, 0.12701113522052765, 0.130901500582695, 0.1280326247215271, 0.13204126060009003, 0.13043774664402008, 0.12943682074546814, 0.13047796487808228, 0.12903065979480743, 0.1312863677740097, 0.13354824483394623, 0.138095423579216, 0.131338432431221, 0.1403183490037918, 0.13740146160125732, 0.13562455773353577, 0.13538023829460144, 0.13464002311229706, 0.13683368265628815, 0.12855686247348785, 0.13481611013412476, 0.13096612691879272, 0.1376887559890747, 0.13660474121570587, 0.12945346534252167, 0.1279018670320511, 0.13122472167015076, 0.1343386471271515, 0.1280387043952942, 0.13422690331935883, 0.13344548642635345, 0.1344580054283142, 0.13178913295269012, 0.13171476125717163, 0.13454760611057281, 0.12878401577472687, 0.13123169541358948, 0.13138733804225922, 0.1307462453842163, 0.13021254539489746, 0.13786396384239197, 0.12935467064380646, 0.13123635947704315, 0.13427668809890747]}