{"loss": [0.4032575190067291, 0.01652437634766102, 0.01559203676879406, 0.01584044098854065, 0.015363180078566074, 0.015264738351106644, 0.015279633924365044, 0.01520190853625536, 0.015230146236717701, 0.015310762450098991, 0.01509862020611763, 0.01511595118790865, 0.015091879293322563, 0.01508727390319109, 0.015060115605592728, 0.01511105615645647, 0.015178905799984932, 0.015105030499398708, 0.014980017207562923, 0.015003806911408901, 0.015085033141076565, 0.014940504916012287, 0.014957486651837826, 0.014953053556382656, 0.014991373755037785, 0.014926696196198463, 0.015006961300969124, 0.014902753755450249, 0.014880888164043427, 0.014855295419692993, 0.01484031043946743, 0.01493711955845356, 0.014850356616079807, 0.014948760159313679, 0.014787599444389343, 0.01486877165734768, 0.01467993762344122, 0.014741183258593082, 0.014833206310868263, 0.014679722487926483, 0.01469750702381134, 0.01469471212476492, 0.01467436458915472, 0.01468649972230196, 0.014775212854146957, 0.014599750749766827, 0.014709677547216415, 0.014706695452332497, 0.014678837731480598, 0.014645629562437534, 0.014753353781998158, 0.01464664377272129, 0.014596717432141304, 0.014625513926148415, 0.014608902856707573, 0.014592812396585941, 0.01462198793888092, 0.014617346227169037, 0.014614026993513107, 0.01458691991865635, 0.014577754773199558, 0.014552401378750801, 0.01454347837716341, 0.014526871964335442, 0.014602774754166603, 0.01459093764424324, 0.014582483097910881, 0.014537266455590725, 0.014538532122969627, 0.01455686055123806, 0.014532825909554958, 0.014502795413136482, 0.01451806165277958, 0.014514517970383167], "MAE": [0.49105337262153625, 0.09844832122325897, 0.09537289291620255, 0.09606638550758362, 0.09456901997327805, 0.09419964253902435, 0.09405717998743057, 0.0937855988740921, 0.09395892918109894, 0.09415176510810852, 0.09334927052259445, 0.09338244050741196, 0.09325311332941055, 0.09326785802841187, 0.09324024617671967, 0.09323067963123322, 0.09355282038450241, 0.09322620183229446, 0.0927237942814827, 0.0929352194070816, 0.09313001483678818, 0.09256098419427872, 0.09253620356321335, 0.09255243837833405, 0.09270606935024261, 0.09243304282426834, 0.09272431582212448, 0.09235829859972, 0.0922338217496872, 0.09211684763431549, 0.09210661798715591, 0.0923483818769455, 0.09203725308179855, 0.092415951192379, 0.09182444214820862, 0.09195905178785324, 0.0913027822971344, 0.09149610251188278, 0.09188240766525269, 0.09129427373409271, 0.09123700112104416, 0.0912194773554802, 0.0912075936794281, 0.09116930514574051, 0.09147616475820541, 0.0908738300204277, 0.09125549346208572, 0.09119037538766861, 0.09119675308465958, 0.09092215448617935, 0.09137753397226334, 0.09098786860704422, 0.09080173075199127, 0.09088736027479172, 0.09085367619991302, 0.0906965583562851, 0.09095422923564911, 0.09088143706321716, 0.09078043699264526, 0.09081042557954788, 0.09062162786722183, 0.09060544520616531, 0.09058719128370285, 0.09055258333683014, 0.09077556431293488, 0.09070202708244324, 0.09070171415805817, 0.09051641076803207, 0.09047074615955353, 0.09053204208612442, 0.09045424312353134, 0.09032350778579712, 0.0904746800661087, 0.09045246243476868], "val_loss": [0.02271829918026924, 0.01485107745975256, 0.01819467358291149, 0.014820360578596592, 0.015166906639933586, 0.015354654751718044, 0.015501133166253567, 0.014570888131856918, 0.01461451593786478, 0.014748508110642433, 0.015385342761874199, 0.014520316384732723, 0.014485839754343033, 0.015659229829907417, 0.014459497295320034, 0.014603760093450546, 0.015316913835704327, 0.014591011218726635, 0.016402898356318474, 0.014634888619184494, 0.015001196414232254, 0.014764850027859211, 0.014620409347116947, 0.014434379525482655, 0.014661160297691822, 0.014765855856239796, 0.014504111371934414, 0.014581074006855488, 0.014687606133520603, 0.014732756651937962, 0.014935496263206005, 0.014868407510221004, 0.015032123774290085, 0.014679315499961376, 0.015114979818463326, 0.014929741621017456, 0.014509588479995728, 0.015144550241529942, 0.014836026355624199, 0.014603218995034695, 0.014586985111236572, 0.015406938269734383, 0.01490991935133934, 0.014435620978474617, 0.015102856792509556, 0.014796458184719086, 0.0153126772493124, 0.015079478733241558, 0.014662416651844978, 0.015578225255012512, 0.015205717645585537, 0.015126461163163185, 0.014835738576948643, 0.014822402037680149, 0.015471376478672028, 0.015051164664328098, 0.015029468573629856, 0.014996287412941456, 0.01528011355549097, 0.015509577468037605, 0.015164078213274479, 0.015572982840240002, 0.015766197815537453, 0.015940556302666664, 0.015375944785773754, 0.014634435065090656, 0.015576901845633984, 0.015433041378855705, 0.015356721356511116, 0.01496803481131792, 0.014849570579826832, 0.016090763732790947, 0.015558897517621517, 0.01540295872837305], "val_MAE": [0.11832874268293381, 0.09258300065994263, 0.10027187317609787, 0.09272559732198715, 0.09332265704870224, 0.09292059391736984, 0.0937165692448616, 0.09117194265127182, 0.09141560643911362, 0.09180629253387451, 0.09296251088380814, 0.09104082733392715, 0.09038388729095459, 0.09448942542076111, 0.09035731852054596, 0.0910840556025505, 0.09382454305887222, 0.09112267941236496, 0.0960071012377739, 0.09118463844060898, 0.09278932213783264, 0.09169959276914597, 0.09047140181064606, 0.0900784507393837, 0.09096943587064743, 0.0916685089468956, 0.09055392444133759, 0.0910348892211914, 0.09143262356519699, 0.09179864078760147, 0.09220760315656662, 0.09201554208993912, 0.09219156205654144, 0.09148868173360825, 0.09244218468666077, 0.09274853020906448, 0.09081564098596573, 0.09305011481046677, 0.09255123883485794, 0.09147147089242935, 0.09108836203813553, 0.09601908177137375, 0.09393204003572464, 0.0902441218495369, 0.09419357776641846, 0.0927770584821701, 0.09503109753131866, 0.09435691684484482, 0.09174230694770813, 0.0958305224776268, 0.09607546031475067, 0.09471336752176285, 0.09242650866508484, 0.09305135905742645, 0.09613217413425446, 0.09319867193698883, 0.09245874732732773, 0.09376470744609833, 0.09476302564144135, 0.09713664650917053, 0.0941246971487999, 0.09696388989686966, 0.09805004298686981, 0.09706327319145203, 0.09579553455114365, 0.09186328947544098, 0.09725712239742279, 0.09605037420988083, 0.09475070238113403, 0.09387774765491486, 0.09297185391187668, 0.09680718928575516, 0.09720203280448914, 0.09609030187129974]}